gender,Near_Location,Partner,Promo_friends,Phone,Contract_period,Group_visits,Age,Avg_additional_charges_total,Month_to_end_contract,Lifetime,Avg_class_frequency_total,Avg_class_frequency_current_month,Actual_Churn,Predicted_Churn
1,1,0,0,1,6,1,37,205.6317507422044,5.0,2,1.4006895160194557,1.614663052319146,0,0
0,0,0,0,1,6,0,27,137.37091691557916,6.0,24,0.9189199220762704,1.0934139492034824,0,0
1,1,0,0,1,1,1,25,41.60776777399487,1.0,1,2.893103844802173,2.81360202088143,0,0
1,0,0,0,1,1,0,31,9.593523668029029,1.0,14,2.131718038863307,2.147013017120832,0,0
1,1,0,0,0,1,0,30,275.2715374760006,1.0,4,1.6537893323181767,1.738444147473586,0,0
1,1,1,0,0,1,0,27,228.0719505992239,1.0,0,1.7193771214690177,1.340513652956493,1,1
1,1,0,0,1,1,1,30,456.86100148390966,1.0,2,1.9372769321133143,2.011021461300229,0,0
1,1,0,0,1,1,1,25,139.98469206376043,1.0,0,2.3757179001620514,1.831001797879868,1,1
1,1,1,1,1,12,1,33,235.6397654490464,9.0,6,1.5385059691761862,1.6177014901365927,0,0
1,0,0,0,1,1,1,23,125.35134141182924,1.0,1,1.5704691480347972,1.2935568518618563,1,1
1,1,0,0,1,1,0,27,67.2799060717944,1.0,0,0.5834034732033667,0.4814418821159169,1,1
0,0,1,0,1,1,0,30,265.0723355455302,1.0,3,2.8721422885691528,2.8114392822897263,0,0
1,1,0,0,1,1,0,30,101.63924616570227,1.0,6,0.4886646772097312,0.3915967642687319,0,0
1,1,0,0,1,1,0,25,255.5246491138197,1.0,1,0.9999510560132424,0.7879256480591281,1,1
1,1,0,0,0,12,1,36,172.28392993362868,10.0,4,2.7839757702408336,3.0332919952623683,0,0
0,1,0,0,1,1,0,27,104.74033499350674,1.0,0,2.370923262145201,1.3816195721925952,1,1
1,1,0,0,1,1,1,31,169.87085443385564,1.0,2,1.2146570490602786,0.9110895377051718,1,0
0,1,0,0,1,1,1,24,18.705186956484308,1.0,1,2.075946756390618,1.0676565480856066,1,1
0,1,1,1,1,12,0,29,201.5191982683829,11.0,3,0.5458255375285577,0.6442678576399152,0,0
1,1,0,0,0,1,0,27,56.1786138497775,1.0,0,1.9828498658641185,1.3385705768262084,1,1
0,1,1,1,1,1,0,32,80.27629458173939,1.0,12,3.159762171057892,3.13566203916953,0,0
0,1,0,0,1,6,1,31,160.03048618983226,6.0,9,1.6448119489713058,1.6454306391348732,0,0
1,1,0,1,1,1,1,31,136.05228375480957,1.0,4,1.4856109926481058,1.654889683112862,0,0
0,1,1,1,1,1,1,36,36.30725590471878,1.0,2,1.3597515325562002,1.3268412226417936,0,0
1,0,0,0,1,6,0,29,217.1662182200959,6.0,8,1.236885657032644,1.1329794328648437,0,0
0,1,1,0,0,12,1,29,271.30395924962664,11.0,1,1.0554933564818727,0.96800983262611,0,0
1,0,1,0,1,1,0,23,80.80762571230339,1.0,1,2.008768853842281,1.8083236020471285,1,1
0,1,1,1,1,12,0,30,166.68704205761716,12.0,1,3.512903455899858,3.389524731204468,0,0
1,1,1,0,0,1,0,30,105.18979344423644,1.0,3,1.7083030030814474,1.7409064631213425,0,0
0,1,1,1,1,12,1,24,34.17859465174513,12.0,1,2.0846854140377373,2.2648159212134247,0,0
1,1,0,0,1,6,1,27,152.59682254537788,6.0,4,1.028343687143304,0.968246226106625,0,0
1,1,1,1,1,12,1,30,53.25877946726062,12.0,6,1.4323025445103017,1.4878837258060484,0,0
0,0,0,0,1,1,1,23,124.32349034275556,1.0,1,2.0602269939203337,1.7177195488074075,1,1
0,1,1,1,1,1,1,28,315.1752672055362,1.0,15,2.624156861161451,2.4974966205629983,0,0
1,1,0,0,1,1,0,30,21.72879062721633,1.0,1,3.243459112804976,3.351649629086127,0,0
1,1,1,1,1,1,1,29,175.52462363115475,1.0,5,1.019021745821728,1.017565050274968,0,0
0,1,1,0,1,1,0,27,151.00606961620932,1.0,1,1.0266296359594518,1.3688846082816255,1,1
1,1,1,1,1,6,1,31,70.61074398557135,6.0,1,0.5211562841027453,0.568742382668151,0,0
1,1,0,0,1,1,0,25,4.395133813231396,1.0,2,0.9185248380898764,0.3256714518037325,1,1
1,1,1,0,1,6,0,29,41.18542875709708,6.0,1,1.9574357800933213,1.961646423680052,0,0
1,0,1,0,1,1,1,31,62.73571962833188,1.0,0,2.116186601150988,0.6167009772312961,1,1
1,1,0,0,1,1,0,28,36.90839248124439,1.0,5,2.8009909235631416,2.8098102438312327,0,0
1,1,1,0,1,12,1,31,136.8422948896924,11.0,1,2.4238062192716647,2.4121050770188845,0,0
0,1,0,0,1,1,0,31,207.83762543299164,1.0,0,2.2697356385082808,2.0815057853334733,1,1
0,1,0,0,1,12,1,30,125.7781189271654,8.0,8,4.065696139396842,4.124446543856648,0,0
0,1,1,1,0,1,1,26,103.81468566076916,1.0,0,2.3915084315247177,2.1069020343001217,1,1
0,1,0,0,1,6,0,35,166.56820423947997,6.0,3,0.7141129514789537,0.7393247649246556,0,0
1,1,0,0,1,1,0,31,83.26797896668923,1.0,0,1.7077265634781928,1.653354340711663,0,1
0,1,1,1,1,12,1,29,59.803126535668106,12.0,6,2.275885466533244,2.531185530426696,0,0
0,1,0,0,1,1,1,28,22.166231877426867,1.0,1,2.808648618396582,2.8586028809329456,0,0
1,1,0,0,1,1,0,29,220.1855200297689,1.0,3,0.7164604480819725,0.5781450760597541,0,0
0,1,1,0,1,12,1,29,79.70814219717711,6.0,3,2.1294027272452616,2.239949630014716,0,0
0,1,1,0,1,1,0,27,372.1845733937842,1.0,6,3.100581034079904,3.1159902323242488,0,0
0,1,1,0,1,12,0,30,127.55576124644222,11.0,3,0.436682265088302,0.5592727353839669,0,0
1,1,0,0,1,1,0,33,160.0564055282076,1.0,6,2.373122152685329,2.3238887301580418,0,0
1,1,0,0,1,1,0,26,132.30582257215093,1.0,0,0.7446546336657343,0.3663267973599255,1,1
0,1,1,1,1,12,1,29,260.5074585068129,12.0,2,2.3481674580491805,2.3234546736896604,0,0
0,1,1,0,1,1,0,27,193.3218498974209,1.0,4,2.159629528729329,1.5776714448691511,1,0
0,1,1,1,1,6,0,36,165.19709726665874,6.0,2,2.747704377246359,2.9186271701432496,0,0
1,1,1,1,0,6,0,33,25.72789776235608,5.0,3,1.8151847257205591,1.6045017617179214,0,0
1,1,0,0,1,1,1,34,5.268790190660567,1.0,6,2.8887437588432365,2.8968013174624936,0,0
0,1,1,0,1,12,1,30,69.39137422013381,8.0,1,2.7035036734040743,2.7383069243042724,0,0
1,1,1,0,1,12,0,28,3.97779462752672,11.0,2,1.528125712194075,1.4345869795693136,0,0
1,1,1,1,1,1,0,27,43.835414249498406,1.0,3,0.0,0.0,1,1
0,1,0,0,1,12,1,35,137.05158052055813,12.0,1,2.6499247270730244,2.4019705500746404,0,0
1,1,1,0,1,1,1,30,50.81316584555975,1.0,6,3.8670892895604654,3.8712565667630767,0,0
1,0,1,0,1,1,0,30,119.8671636547936,1.0,0,2.8549268951265514,3.046368797355006,1,0
0,1,0,0,1,1,0,28,221.6635395326525,1.0,5,1.0238397465269224,0.8927792533920587,0,0
1,0,1,1,1,1,0,30,11.871219441523971,1.0,5,2.0957350446680176,2.2415511610383314,0,0
0,1,0,0,1,6,0,35,209.8881331905138,3.0,8,1.978083818026388,2.117349155762039,0,0
0,1,1,1,1,1,0,28,143.60948253146313,1.0,2,0.5852437625338065,0.1115157577036428,1,1
0,1,0,0,1,1,1,25,137.02392226061514,1.0,6,2.249212003633437,2.189967452779776,0,0
1,1,1,1,1,6,1,29,155.22243890370223,6.0,5,0.8270466859676726,0.8094086150556441,0,0
1,1,1,1,1,1,1,23,45.40990920299768,1.0,1,1.106238932529013,1.059332976736446,0,1
0,1,1,0,1,1,1,29,219.4367262187751,1.0,5,2.9449057243348213,3.0146947490938185,0,0
0,1,0,0,1,6,0,26,276.9727239403987,6.0,2,1.3023459634866936,1.3543365765481112,0,0
0,1,0,0,1,1,1,36,151.82323311956424,1.0,2,1.3855325488034214,1.4804635793898124,0,0
0,1,0,0,1,6,1,26,83.74832289514828,6.0,6,0.6867473252996119,0.5362489816666091,0,0
0,1,0,1,1,1,0,27,96.15382591257894,1.0,2,1.1487992311827713,0.6855834977505576,1,1
1,0,0,0,1,1,0,35,167.33706157685208,1.0,3,3.24829990647044,3.154535526209985,0,0
1,1,1,1,1,6,0,26,241.8859556613729,4.0,3,1.4770872026449675,1.5527034327247948,0,0
1,1,1,0,1,12,1,26,169.93331653447044,12.0,4,1.1182383354467291,1.1418787317648045,0,0
1,1,1,1,1,6,0,26,156.842467734778,6.0,1,1.3509868775622682,1.4789410847080142,1,0
0,1,0,0,1,1,1,30,129.22345793222684,1.0,5,1.826115229769628,1.769320220389926,0,0
0,1,1,0,1,12,0,26,70.78964995588231,10.0,1,3.086527721751001,3.0738273745566587,0,0
0,1,1,0,1,12,1,38,76.99472205724037,12.0,13,0.4796783927772217,0.3415933159650753,0,0
0,1,1,1,1,12,1,33,68.09962226373958,9.0,6,3.056874146443885,2.9927488987147863,0,0
1,0,1,1,1,6,1,35,149.19779155724697,6.0,9,2.343683272758564,2.353763596255953,0,0
0,1,1,1,1,6,0,33,223.68510784190624,6.0,4,1.1551559836995366,1.2074647085167405,0,0
1,1,0,1,1,1,0,29,116.85253992357048,1.0,2,1.3677607936908798,0.6283530623200206,1,1
1,1,1,0,1,1,0,21,112.03442891835932,1.0,12,2.7471102509669825,2.820657084665372,0,0
1,0,1,0,1,1,1,27,123.77147845977082,1.0,1,0.3722011547988908,0.413586047284734,0,1
0,1,1,0,1,1,1,32,287.648668488374,1.0,12,2.441094488906416,2.471258874584691,0,0
0,1,0,0,1,1,0,29,47.96709630912255,1.0,0,2.3859709840255485,3.086021343954372,1,1
1,0,1,0,1,1,1,24,147.63727902465442,1.0,1,1.6716511549396655,0.564171730720641,1,1
0,0,0,0,1,1,0,29,133.54075054249594,1.0,2,1.922427907516532,1.5308760913577548,1,1
1,1,0,1,1,1,0,33,12.056007046237982,1.0,6,4.699018439938508,4.786792947057812,0,0
0,1,1,0,1,12,0,33,12.879439319078298,12.0,10,0.9136930918183208,0.9005059607979509,0,0
1,1,1,1,1,1,0,29,196.7138321592776,1.0,2,1.610719108467946,1.4923055819600326,0,0
0,1,0,0,1,12,0,32,131.114586424149,12.0,3,2.374935353569161,2.2650888942452982,0,0
0,1,1,1,1,12,1,33,51.89794008366663,12.0,3,0.2506385941208093,0.2020855192919996,0,0
1,1,1,0,1,1,0,33,296.04087220523564,1.0,4,3.0845683045948595,3.261775210131752,0,0
1,1,0,1,1,12,0,30,346.43272524838585,12.0,5,0.7493287093903747,0.7563593118118961,0,0
0,1,0,0,1,6,0,29,143.13548853575756,5.0,4,0.0,0.0,0,0
0,0,1,0,1,1,0,33,170.0214594738767,1.0,2,0.980200228421543,0.99680124551006,0,0
0,1,1,1,1,12,0,32,185.85289320242543,6.0,2,2.361846303017435,2.405736084207454,0,0
0,1,1,1,1,12,0,29,208.9807514639272,12.0,12,3.0835027485045474,3.137978891402041,0,0
0,0,0,0,1,1,0,30,218.8931159949425,1.0,0,3.6211326290202015,3.4490663273308617,0,0
0,1,1,1,1,12,1,29,110.83724469718616,11.0,4,2.8930403363543413,3.0335580386100034,0,0
0,1,0,0,1,1,1,41,310.4635781432829,1.0,1,0.3242601293222539,0.420895460438815,0,0
0,0,0,0,1,6,1,25,85.09113250711852,6.0,4,0.1252556142883123,0.2300224684208174,0,0
0,1,0,0,1,6,0,31,46.97199025182829,4.0,2,1.2545434905046309,1.3128055864662218,1,0
0,1,1,1,1,6,1,32,230.4929193390112,6.0,9,1.653517720989722,1.5927440641898056,0,0
1,1,1,0,1,6,0,29,108.2596089504158,6.0,5,2.7152209299964416,2.5546280722306656,0,0
0,1,0,0,0,1,1,28,253.95431609740317,1.0,2,1.1807487194918975,0.5738182854553214,1,1
0,1,1,1,1,12,1,29,329.9340576066378,12.0,4,4.5573367693937765,4.53428153247774,0,0
1,1,1,0,1,6,1,24,16.02522075163661,6.0,4,1.1045059503072492,0.0,1,0
1,0,1,0,1,6,1,30,256.9592267483916,6.0,18,0.2203540891339952,0.3146932624717869,0,0
1,1,1,1,1,6,1,28,270.3999201465789,6.0,4,1.5793619809968018,1.5368014190092052,0,0
0,1,1,1,1,1,1,31,176.58953059304963,1.0,4,1.4181843810054595,1.3634704173950232,0,0
0,1,1,1,1,6,0,27,179.0483736580258,5.0,0,1.5310323507778276,2.011962736503057,1,1
1,1,0,0,1,1,0,29,355.33730361574584,1.0,6,2.7641812848647698,2.6817386592108376,0,0
0,1,0,0,1,6,1,26,183.6656144649107,3.0,1,1.6225759335179772,1.6444175003185248,0,0
1,1,0,0,1,6,0,30,277.82567507145774,6.0,2,1.7891181856966452,1.8388108454692056,0,0
0,1,1,0,1,1,0,20,33.70273308521405,1.0,1,0.7174439733373604,0.5861962844048629,1,1
1,1,1,1,1,6,1,28,117.22439003104677,6.0,9,2.5933524474849947,2.6422207738713253,0,0
1,1,0,0,1,1,1,31,394.79547441394766,1.0,4,2.52017155073134,2.595602017042876,0,0
1,0,0,0,1,1,1,25,297.17525410701745,1.0,7,1.998146404217724,1.968359844075091,0,0
0,1,1,1,1,12,0,34,367.0322491839666,9.0,5,2.5321487735681023,2.6019416152282884,0,0
1,1,0,0,1,1,0,30,121.93246759564612,1.0,3,3.058328371586472,3.124317721861334,0,0
1,1,0,0,1,1,1,29,271.6048832197254,1.0,0,0.1469769617318819,0.0,1,1
1,1,1,1,1,12,1,27,1.024875778616746,10.0,2,0.6142957307805883,0.5930365318307258,0,0
1,1,1,1,1,12,1,31,103.9747066196222,12.0,0,2.0718660149477195,2.0768793795481097,0,0
0,1,1,0,1,6,0,26,7.9757579370968035,6.0,2,2.4678609718726365,2.4783020117172567,0,0
0,1,0,0,1,1,0,29,119.74851154471304,1.0,0,2.250292929157885,2.56673016734123,1,1
0,1,0,0,1,1,1,31,146.47100083447745,1.0,5,3.3360334395307603,3.36243932318288,0,0
0,1,0,0,1,1,1,33,213.8178606705759,1.0,3,2.4815364985544246,2.549402323969137,0,0
0,1,1,0,1,1,1,20,118.70068784010328,1.0,2,2.09419494658196,1.9134550177283485,1,1
1,1,1,1,1,1,0,30,171.3715874036377,1.0,2,3.183682639026433,3.2510068268447103,0,0
0,0,0,0,1,1,0,28,19.49000912905888,1.0,9,2.3394776691104417,2.283035259537849,0,0
0,1,0,0,1,1,0,33,7.142134855871774,1.0,8,0.6532717768290248,0.7560807735487152,0,0
0,1,0,0,1,1,1,32,288.57660169615406,1.0,2,1.9547980289874125,1.9319656873710545,0,0
0,1,1,0,1,12,1,33,200.0715419292381,12.0,4,3.379991155825744,3.3984920439590605,0,0
1,1,0,0,0,6,1,29,90.93717436641349,6.0,13,0.7969399138621664,0.8083902124772595,0,0
1,1,1,0,0,1,1,35,30.631644881328373,1.0,3,0.966904411105684,1.0465274106716174,0,0
1,1,0,0,0,1,0,30,257.9154473055558,1.0,3,3.256975984310301,3.2959216496325685,0,0
0,1,1,1,1,12,1,32,321.0391665322337,12.0,8,1.1727371864288254,1.1192968929917098,0,0
1,1,1,1,1,6,0,28,13.586563808387242,6.0,1,3.3160655047192265,3.273927523301212,0,0
1,1,1,1,1,12,1,26,72.54980035210987,12.0,9,1.6829171717958418,1.6396549635472413,0,0
1,0,0,0,1,1,0,31,180.52488863182109,1.0,19,1.7983632412464947,1.8237447786550047,0,0
0,1,1,0,1,1,0,24,100.72832397271372,1.0,7,0.372101281088709,0.4377703148535868,0,0
0,1,0,0,1,6,0,25,34.16938286487617,6.0,1,1.7431857517591025,1.1598394884773469,1,1
0,1,1,1,0,1,0,31,4.791323833846533,1.0,3,1.2192828038965555,1.0730941006359205,0,0
1,0,1,0,1,1,1,33,8.42870120146074,1.0,4,0.4085812083443148,0.2716640749581687,0,0
0,0,1,1,1,1,0,32,179.41162001706192,1.0,13,1.4224077675859146,1.2620809691742854,0,0
1,1,0,1,1,12,0,32,96.8778279807333,11.0,0,1.6355156702923832,1.7566272038702082,0,0
1,0,1,0,1,1,0,28,34.1996574013703,1.0,7,3.584781966927023,3.5667481549595617,0,0
0,1,1,1,1,1,0,32,272.63696380286115,1.0,0,1.3741279720387147,1.202066155844694,1,1
1,1,0,0,1,1,0,31,330.1422587753009,1.0,1,1.7377445165258494,1.0695714831650032,1,1
0,1,0,1,1,1,1,31,181.1590905800317,1.0,0,2.07940950608012,1.7644813311075715,1,1
1,1,0,0,1,1,1,29,168.21924094287272,1.0,12,1.8779240609260583,1.6495661685763852,0,0
0,1,1,0,1,6,0,26,81.82808294157567,6.0,2,0.0,0.0,1,0
1,1,0,0,1,1,0,29,235.0321455341833,1.0,6,0.6184988711869441,0.7145955377138504,0,0
1,1,1,1,1,1,1,33,369.2343207761203,1.0,3,1.6748719502736362,1.593046781558149,0,0
0,1,0,1,1,6,1,29,92.78741424476028,5.0,1,0.6644824749922384,0.6099452944797018,0,0
1,1,1,0,1,1,0,28,32.675114308451576,1.0,1,2.924051488333835,2.5454658196105138,1,0
0,1,0,1,1,1,0,26,229.1575577760353,1.0,1,2.0286970930472386,2.607832751381053,1,0
0,1,1,1,1,6,1,31,69.00141998143971,6.0,3,2.2048593528768823,2.2059074792820152,0,0
1,1,0,0,1,1,0,36,146.1815570652607,1.0,5,3.853884499720447,3.818110227463988,0,0
0,0,0,0,1,1,0,30,133.64010757248352,1.0,0,1.0238152021097358,0.6446098718764732,1,1
1,1,1,1,1,12,0,27,163.54407486647085,12.0,3,1.867856697610896,1.9582173049997031,0,0
1,1,1,0,1,1,0,27,20.1207124209958,1.0,9,2.2307096512626154,2.169468298671794,0,0
1,1,0,0,1,12,0,33,117.82371712828676,12.0,7,2.4708849465999463,2.452512718360849,0,0
1,1,0,0,1,12,1,30,185.4852607368476,12.0,3,0.4965242277494788,0.6088987843885196,0,0
0,0,0,0,1,1,0,30,18.16488197869712,1.0,7,3.5990998383812927,3.722410561471018,0,0
1,1,1,0,1,1,0,26,67.52874958799896,1.0,4,1.0207259680313838,1.2680312522542772,1,0
1,0,1,0,1,6,0,39,113.54725354679036,6.0,7,3.685728246099584,3.886263022830317,0,0
0,1,1,1,1,12,1,34,169.3236577161879,12.0,1,2.0776150864142804,2.182571210490278,0,0
1,1,1,0,1,12,0,24,225.72323283523232,12.0,2,2.078897501971153,2.0918845221145577,0,0
1,1,1,1,1,1,1,25,162.04167998313062,1.0,7,2.633648243990044,2.5619359297853017,0,0
0,1,0,0,1,1,1,25,19.578447813450524,1.0,3,0.4565235340875121,0.0,1,1
0,1,0,0,1,1,0,29,239.1554128213809,1.0,2,1.8076144102465408,1.915882038062103,0,0
0,1,1,1,1,1,0,29,207.4647181165249,1.0,4,2.021520139856976,1.7685758936136682,0,0
0,0,0,0,1,1,0,25,99.48142501833384,1.0,1,1.6015317363032648,0.4140249497310861,1,1
0,1,1,0,1,12,1,27,211.99260920072075,12.0,2,1.231332875494672,1.3367003857315158,0,0
1,1,1,0,1,6,0,29,121.25680016620794,5.0,13,2.3362537319476617,2.3839726440577502,0,0
0,1,1,1,1,1,1,31,114.13888879061358,1.0,0,1.1789856640167085,0.3725672474641737,1,1
1,1,0,0,1,1,0,31,211.728969646523,1.0,3,1.5852253258650293,1.5399951241261205,0,0
0,1,0,0,1,1,0,29,24.81256248331232,1.0,5,2.2199159705160496,2.371022220525738,0,0
1,1,1,0,1,1,1,28,272.1537800794748,1.0,23,3.020038658452488,3.0292756951327187,0,0
0,1,0,0,1,1,0,26,58.21169995052708,1.0,0,0.0,0.4045514491730148,1,1
1,1,0,0,1,1,0,27,373.69665012264016,1.0,3,2.66375416288722,2.617758568436808,0,0
1,1,0,1,1,12,1,32,18.12477837943948,12.0,3,0.5041338973806966,0.4525413274206438,0,0
0,1,0,0,1,1,1,30,128.85524594166526,1.0,4,2.5602961290923782,2.5659913856581524,0,0
0,1,0,0,1,1,0,28,133.47922383928872,1.0,6,2.115477257546987,2.2219664996825155,0,0
0,1,0,0,1,1,0,26,306.9169295685318,1.0,1,0.6719133656188104,1.14086844776422,1,1
0,1,0,0,1,1,0,24,97.0047886835096,1.0,1,1.2845671556335028,0.0,1,1
0,1,0,0,1,1,1,31,16.314205335654542,1.0,1,1.2881711586806182,1.0875966282689942,0,1
1,1,0,0,1,1,0,28,309.4325947999045,1.0,2,2.971051137271609,2.94488683090342,0,0
0,1,1,1,1,1,0,31,6.075928811888389,1.0,1,2.484539409878816,1.380961289930868,1,1
1,1,0,0,1,1,0,31,207.9432170074668,1.0,2,1.2865539296203663,1.1204772477453988,0,0
1,1,1,1,1,6,1,28,186.334133904902,6.0,0,0.135004531273543,0.0054923781012502,1,1
0,1,0,0,1,6,0,26,310.62537024118944,6.0,1,0.1370193889505249,0.1270290787653854,0,0
0,1,0,0,1,1,0,28,26.769980661123647,1.0,1,1.6645288473942672,2.6098635080579973,1,1
1,1,1,1,1,6,0,32,165.1602782842069,6.0,5,0.7559602962155565,0.5633126938853633,0,0
1,1,0,0,1,1,0,36,137.61677366409492,1.0,0,1.8031650048788688,1.8518180072294008,0,0
1,1,0,0,1,1,1,32,276.0798821905471,1.0,1,1.4206371562255409,1.0431012098788572,1,0
0,1,1,0,1,6,0,28,137.7438004137748,6.0,2,1.2404708567509557,1.383923919976496,0,0
1,1,0,0,1,6,1,31,61.49936612542719,6.0,2,3.0829967748481617,3.1598812463880668,0,0
0,1,1,1,1,6,0,26,142.88517376243237,6.0,1,1.180634796559003,1.2052077780539414,0,0
0,1,1,1,0,12,0,23,198.5053305792081,10.0,8,0.6276171086910429,0.6128310414246689,0,0
1,0,1,0,1,6,0,33,69.30126955123839,6.0,1,1.3672888170557456,1.4357205955881904,0,0
1,1,1,0,1,12,1,35,179.96936388560718,6.0,1,2.6935684533574484,2.9214411279390533,0,0
0,1,1,0,1,1,0,29,87.39621230185787,1.0,0,2.243814412671019,1.7921199685276663,1,1
0,1,0,0,1,12,1,29,101.90772616812455,12.0,2,2.405441548713217,2.596043672007314,0,0
1,1,1,1,0,6,0,28,228.09893908574256,6.0,1,0.9532947370875609,0.0,1,1
0,1,1,0,1,6,0,32,228.04239686398623,6.0,5,2.5407242057220776,2.677687367075664,0,0
1,1,0,0,1,1,0,29,258.19163297882005,1.0,2,2.639119613937328,2.6556505443154106,1,0
0,1,0,0,1,1,1,30,223.4321608636536,1.0,7,4.100222257878752,4.072150855451909,0,0
0,1,1,0,1,1,1,34,92.43200584140943,1.0,9,3.092172614433641,3.0186286325282827,0,0
1,1,0,0,1,6,1,31,263.4142856906876,4.0,1,1.2589934649680077,1.3147775977239282,0,0
1,1,1,1,1,12,1,29,77.38762569669329,11.0,3,2.96409709431036,3.040982138507768,0,0
0,1,1,1,1,1,0,27,215.15298316867413,1.0,1,3.410351242685861,3.418540443404144,0,0
1,1,0,1,1,1,0,29,170.63997186046066,1.0,1,1.094219629911001,0.2285169618726415,1,1
1,1,0,0,1,1,1,32,234.08485400597365,1.0,3,3.060086054511,2.9349929260552137,0,0
1,1,1,0,1,6,0,27,151.97167138942248,6.0,4,2.0621162523800667,1.9984980740756564,0,0
1,0,1,0,1,1,0,26,198.364039690918,1.0,4,1.4537265557281356,1.5775924037750269,0,0
1,1,1,0,1,12,1,32,104.20410041882728,12.0,8,0.2808315885745423,0.2154498611219788,0,0
0,1,1,1,1,1,1,33,21.03115772969608,1.0,3,4.005793199207384,4.0471064114306845,0,0
0,1,0,0,1,1,1,33,209.4513786790856,1.0,5,1.4587758274162068,1.5078165010888511,0,0
0,0,1,0,1,1,0,33,163.36179926939394,1.0,1,0.9927561955453597,0.148650599447996,1,1
1,1,0,0,1,1,0,31,62.4533939267514,1.0,2,3.3715424834875254,3.3456332634764854,0,0
1,1,0,0,1,1,1,26,113.69594268606258,1.0,1,0.9560890916201892,0.7429828861532747,1,1
0,1,1,0,1,6,0,29,51.7796980551268,6.0,0,2.4423050733424145,2.4621335480803745,1,0
0,1,0,0,1,6,1,29,7.728112614940784,6.0,2,3.1459634695465946,3.2251461814675606,0,0
1,1,0,0,1,1,0,26,31.121602708977328,1.0,3,1.7469905991082242,1.0234742455518258,1,1
0,1,0,0,1,6,1,28,365.3788690145428,3.0,2,2.1083353142174297,2.1447338799657456,0,0
0,0,0,0,1,1,0,32,160.77461589520834,1.0,0,0.6682787264515048,0.0,1,1
1,1,1,1,1,12,0,35,211.4301418593365,12.0,1,2.728726608860255,2.729694407590572,0,0
1,1,1,1,1,12,1,30,89.49282081156687,12.0,3,1.47375508079172,1.3761069793958474,0,0
0,0,0,0,0,1,0,33,141.41187728644113,1.0,5,1.6940658154673374,1.6404944200913902,0,0
0,1,0,0,1,1,0,30,74.34431129853206,1.0,4,1.255768996315928,0.3928425088367262,1,1
1,1,0,0,1,12,1,27,208.14077536264543,11.0,7,2.323107537427972,2.3965616192436583,0,0
1,1,1,0,1,12,1,32,49.75736833690525,8.0,3,2.951439483302811,2.963552369596953,0,0
0,1,0,1,1,12,0,28,122.97172688617276,12.0,3,1.3139292622278569,1.4627390022202125,0,0
1,1,1,1,1,1,0,31,11.485170350947234,1.0,1,1.1599672993796355,1.1750893120699577,0,1
0,1,1,1,1,12,0,29,10.071896219120957,12.0,6,1.9429455212131064,2.0301926045336787,0,0
0,1,1,1,1,6,0,26,54.69421089191693,6.0,9,2.531159142810844,2.4468416890583,0,0
1,1,0,0,1,6,1,23,7.218641618811588,6.0,0,2.5881364232459703,2.340501795994716,1,0
1,0,1,0,1,1,0,31,235.0992659938536,1.0,1,0.9738344685858789,0.5502849081008999,1,1
1,1,0,0,1,12,1,27,325.2728594136971,12.0,4,1.5025238673048351,1.6521025218632477,0,0
1,1,0,0,1,12,0,30,40.56140610026554,12.0,4,0.7432522006132656,0.7154855163783762,0,0
0,1,1,1,1,1,0,34,280.18949309903223,1.0,2,2.793179874079083,2.7245810165735604,1,0
0,0,0,0,1,6,1,28,81.25268538945234,6.0,5,2.7391385615139736,2.8037654585009486,0,0
1,1,0,0,1,1,1,30,234.7228768353965,1.0,9,1.9644696709855112,2.069929419038643,0,0
0,1,1,0,1,12,1,28,84.36994493585499,12.0,15,1.4156640515774617,1.258385611818789,0,0
0,1,0,0,1,12,1,33,57.11340672159839,12.0,6,3.217989470105955,3.396166370382829,0,0
1,1,1,1,1,12,1,28,264.5339635287026,8.0,10,1.7777306410753917,1.737266674775354,0,0
1,1,1,0,1,1,1,29,143.80779542573657,1.0,3,0.7111804902842459,0.741214814842256,0,0
0,1,0,0,1,1,0,25,168.31359762674924,1.0,0,0.935406948294018,0.3622837103720716,1,1
1,1,0,0,1,1,0,25,16.942102977533626,1.0,0,0.5015661863168513,0.7930117688259906,1,1
1,0,1,0,0,1,1,28,22.271532347506035,1.0,1,0.7831060194687544,0.5187114544874789,1,1
0,1,0,0,1,12,0,33,267.47205747666857,4.0,1,0.7632647031326634,0.8246032352617872,0,0
0,1,0,0,1,1,0,30,177.75935275720082,1.0,2,1.994393125292218,1.5973286041353756,1,0
1,1,0,0,1,6,0,27,320.3787957943648,6.0,6,0.6017907592111933,0.5057183206504627,0,0
0,1,0,0,0,6,1,29,190.0156842420792,5.0,4,2.2321537721958538,2.2114151502062915,0,0
0,1,1,1,1,6,0,31,225.14273861142945,5.0,4,1.9410500368754389,2.087174850392847,0,0
1,0,0,0,1,1,1,31,534.2561818694521,1.0,2,2.325127983689414,2.26724085798868,0,0
0,1,1,1,1,12,0,31,58.46242449426983,11.0,7,3.6456327755355966,3.707729219551648,0,0
0,1,0,0,1,1,1,32,74.86938620242537,1.0,1,2.9701606945597794,2.931548519155269,0,0
0,1,1,1,1,1,0,28,159.25357169001097,1.0,3,3.171736422076698,3.1570333824577865,0,0
0,1,0,0,1,12,0,29,311.4574001283469,12.0,3,1.717238717134955,1.582191304590865,0,0
1,1,0,0,1,6,0,29,147.67471902038508,6.0,7,1.1090646430055424,1.0571001412375909,0,0
0,1,0,0,1,1,0,28,138.16400402591978,1.0,0,1.210868093004872,0.6058479526101321,1,1
1,1,1,0,1,1,0,32,8.039850363747064,1.0,0,1.1831599043899843,0.0881250228465468,1,1
0,1,1,1,1,6,0,31,221.68974227943696,6.0,1,0.993280406175048,0.9270783554888395,0,0
0,0,0,0,1,12,1,24,274.5614991855627,7.0,15,1.2096509635358197,1.2405015030551765,0,0
1,1,0,0,1,12,1,27,334.4726562273314,7.0,0,3.6848758219547504,3.672932590812016,0,0
0,1,1,1,1,1,0,28,26.070703906078897,1.0,6,3.4665861051280737,3.372885888677804,0,0
0,1,0,0,1,1,1,26,62.41295556801904,1.0,2,3.5128152379517066,3.3120151929882176,0,0
1,0,1,0,1,12,1,31,5.428028898494363,12.0,4,2.911785628189885,2.7833316821433245,0,0
1,1,1,1,1,6,1,32,67.50715044199237,6.0,2,1.0535875415255729,0.9357475928374004,0,0
1,0,1,0,1,1,0,29,373.066503119564,1.0,0,1.6858228409402505,1.6617420771398794,0,1
1,1,1,0,1,1,0,23,14.605922960010858,1.0,2,1.7742001053859298,0.4254654399616928,1,1
1,1,1,0,1,6,1,37,74.83757181199394,6.0,4,2.6028226657929814,2.7374002159462543,0,0
0,1,0,0,1,1,0,24,31.340568586282807,1.0,1,0.4650452286466966,0.0,1,1
1,1,0,0,1,1,0,26,128.09281381746558,1.0,1,0.166628354005704,0.0,1,1
1,1,1,0,1,12,0,36,85.13967923949508,11.0,3,2.2358379541773514,2.11385066191204,0,0
1,1,1,1,1,1,0,35,114.21021927529844,1.0,10,0.2142344804815643,0.2101165626539935,0,0
0,1,0,1,1,1,1,31,123.67910456671078,1.0,9,2.268202982763624,2.2571231206268108,0,0
0,1,0,0,1,1,0,31,137.7564659176192,1.0,3,2.845112875954141,2.559921564097639,1,0
0,0,0,0,1,1,1,23,220.2275977649184,1.0,2,2.5880506815542192,3.0339358036482125,1,0
0,1,1,1,1,1,0,30,45.95907957477971,1.0,5,3.4688680718781413,3.382426486247132,0,0
1,0,1,0,1,6,0,32,87.07834164829247,6.0,8,3.942865677711897,3.821841276135775,0,0
1,1,1,0,1,12,1,29,69.97534909742677,12.0,7,3.031378078362588,2.9303239618758288,0,0
0,1,0,0,1,1,1,31,210.3011779284616,1.0,1,2.4071789082698003,1.1489517762582384,1,1
1,1,1,1,1,12,1,26,9.423026461182417,7.0,6,1.9550516008299943,2.0725866215365936,0,0
1,1,1,1,1,1,1,31,8.451491054816046,1.0,0,0.7897096380566991,0.2381226121202477,1,1
0,1,0,0,1,1,0,25,179.04388638742745,1.0,3,1.1280349447058786,1.1553510978318433,0,0
1,1,0,1,1,1,1,30,252.9156830285072,1.0,1,1.491547003063834,1.0592608497344491,1,0
0,0,0,0,1,6,0,28,74.24523086047273,5.0,0,1.1371140169236709,1.5076633330329905,1,1
1,1,1,1,1,1,0,31,259.2449021059656,1.0,3,1.7784779497632757,1.6217390426963392,0,0
1,1,1,0,1,1,0,24,8.589786393163562,1.0,8,3.2472787085168684,3.3234914804077085,0,0
0,1,1,0,1,6,0,29,167.87521108842424,6.0,5,3.311349561669348,3.2434118858397034,0,0
0,0,1,0,1,6,1,30,252.3990410907629,6.0,4,0.9156955199370884,1.017554554073372,0,0
0,1,0,0,1,1,1,27,200.36637762785247,1.0,1,1.489931127451019,1.4165907973414484,0,1
0,1,1,0,1,1,0,25,111.95379416730324,1.0,1,2.1251584063375284,2.2726130821342374,1,1
1,0,0,0,1,1,0,23,52.4402248776491,1.0,1,0.3210211735442185,0.0,1,1
1,0,1,0,1,1,0,33,287.8679842998414,1.0,1,1.3511188119918691,1.2404070223064796,0,0
1,1,0,0,1,1,1,25,188.08137918542343,1.0,2,1.664022654131193,1.4767390280086168,0,1
0,1,1,0,1,6,0,29,282.9571186587658,6.0,2,1.2851196067645088,1.2466946118271272,1,0
1,1,1,0,1,6,0,29,181.0796461235801,5.0,2,1.7962517825768114,1.6851709475933552,0,0
0,1,1,1,1,6,0,30,26.05853557594857,6.0,4,1.5338905599249872,1.5013827143895646,0,0
0,1,1,1,1,1,1,26,273.7341957735027,1.0,1,1.6991017412432492,1.6889794567956946,0,1
0,1,0,0,1,1,0,23,261.14304634061244,1.0,8,2.7460266382568284,2.768481199428075,0,0
1,1,1,1,1,6,1,26,293.2957217774857,6.0,1,3.9837772453346254,3.848833148659432,0,0
0,0,0,0,1,1,0,30,32.64928000044888,1.0,0,2.1826540142142754,1.821093306086528,1,1
1,0,0,0,1,1,0,28,147.90686107582158,1.0,1,1.6399750217650992,0.9710201634830952,1,1
1,0,1,0,1,6,1,27,18.274197380167124,6.0,3,0.4166628986192724,0.2389522853306658,0,0
0,1,1,0,1,12,1,30,181.1564569876561,12.0,3,3.4746595249777226,3.649549131981433,0,0
0,0,0,0,1,1,0,27,180.3748297782473,1.0,0,0.9449279602181327,0.4213374387340162,1,1
0,1,1,1,1,6,1,32,243.62234478063576,6.0,6,2.5060529681724413,2.5320395912975715,0,0
1,1,1,0,1,12,0,29,332.4890410547644,9.0,4,3.0714307544217,3.112817956184608,0,0
1,1,1,0,1,6,0,33,113.38342139903082,6.0,8,3.620360206759076,3.4348058700959,0,0
1,1,0,0,1,1,0,29,163.7763521748873,1.0,1,1.2131220390577484,1.0662192335068208,1,1
1,1,1,1,1,6,1,28,311.84463570735056,6.0,2,2.817798849085269,2.8224749630707704,0,0
1,1,1,1,1,1,0,31,100.32815217438844,1.0,8,2.619506000081385,2.6689913363883067,0,0
0,1,0,0,1,12,1,32,290.04739352712,11.0,12,2.1851129626660657,2.204389465003417,0,0
0,0,1,0,1,12,0,25,213.6840244097123,12.0,2,0.6333229952253094,0.5416915426072071,0,0
1,1,0,0,1,1,1,28,122.94100773483233,1.0,1,0.6542216326389538,0.7478974372107179,0,1
0,1,1,1,1,6,0,27,408.6582348950506,6.0,2,2.791263738117732,2.7006597296760595,0,0
0,1,1,1,1,12,1,28,457.406478555648,9.0,1,1.7180641106434795,1.6558715117824805,0,0
1,0,0,0,1,6,1,30,176.74025965981343,5.0,8,0.8921670731474824,0.8963046036634554,0,0
0,1,0,1,1,1,0,26,8.610059664342316,1.0,3,2.5478860685221467,2.594622598829035,0,0
0,1,1,1,0,12,0,27,260.6426671024405,12.0,3,0.7580531670061232,0.6326216596426009,0,0
1,0,1,0,1,6,0,29,37.1450463827162,6.0,5,2.4363154372482767,2.469653837704601,0,0
1,1,1,1,1,6,0,23,104.6008322428951,5.0,3,2.706416978099085,2.9422690855805778,0,0
0,1,0,0,1,1,1,33,89.52712690719872,1.0,6,2.3825815846502185,2.4044263207155283,0,0
1,1,1,0,1,6,0,33,264.0094278422361,6.0,7,1.424129645247488,1.3607336372180487,0,0
1,1,1,1,1,6,0,29,161.44137270782485,6.0,0,0.6633718962055752,0.4465427243734493,0,1
1,1,0,0,1,6,0,33,20.979360045511484,6.0,18,1.8210890825230617,1.8549366854021576,0,0
1,1,0,1,1,1,0,28,224.3555327959488,1.0,12,1.873177836550496,1.947595055645992,0,0
0,1,0,0,1,1,1,31,151.13081781868527,1.0,1,2.2377894479572262,2.278971775520268,0,0
0,1,0,0,1,1,0,25,193.38991274436935,1.0,0,1.5873152178466103,1.604880770662739,1,1
1,1,0,1,1,1,1,25,50.19541144228302,1.0,1,1.8114820869482573,0.9106553197926224,1,1
0,1,0,0,1,1,1,30,42.25437246148199,1.0,2,1.639539273579957,1.7692226648456817,0,0
1,1,1,1,1,6,1,29,133.97552399615444,6.0,1,4.0364844490321286,3.96378221704448,0,0
1,1,0,0,1,1,1,35,18.233606192649148,1.0,3,2.6973392852545506,2.617989983440871,0,0
1,0,1,0,1,12,0,31,55.09299271380669,9.0,2,3.4040923278106474,3.4947763027132823,0,0
0,1,0,0,1,1,0,30,209.9387230814729,1.0,7,1.412045146088999,1.5074101467145429,0,0
1,1,0,0,1,6,0,24,233.821819461228,6.0,1,2.4656139206905068,2.50528150989596,1,0
1,1,0,0,1,12,1,36,254.9954272657001,12.0,10,2.7990327599621905,2.7987929260611737,0,0
0,1,0,0,1,1,1,27,118.91028046315157,1.0,5,0.912151156972652,0.9005528078944718,0,0
1,1,0,0,0,1,0,26,73.70488062420708,1.0,6,0.7706409023809214,0.4472650318654215,1,0
0,1,1,0,1,1,1,34,100.30108740405524,1.0,0,1.7304449132290296,1.6192199504570706,0,0
0,1,0,0,0,1,0,34,88.65325999456734,1.0,5,0.0,0.1503259643365075,0,0
0,1,1,0,1,1,1,28,57.8439430805731,1.0,2,0.6283855144940107,0.6085254921843267,0,1
0,1,1,1,1,12,1,28,275.22864223369066,12.0,1,1.4931349317483649,1.5897253382115355,0,0
1,1,1,1,1,1,1,29,411.7113085850302,1.0,1,0.5232727551132157,0.5149945256648368,0,0
0,1,1,1,1,1,1,32,138.37891487490606,1.0,7,0.0,0.0617865004304534,0,0
0,0,0,0,1,6,0,29,47.929064091849135,6.0,2,2.3792760123666734,2.3356595329810306,0,0
1,0,0,0,1,1,0,27,129.6907383642004,1.0,1,2.4219288629145708,1.8962307500012323,1,1
1,1,0,0,1,1,1,27,172.210086518131,1.0,2,1.0564676987735293,0.9607060727782896,0,1
1,1,0,0,1,6,1,30,134.4978468662896,6.0,2,1.6869872332841584,1.7088797675468983,0,0
0,1,1,1,1,6,0,30,63.71971092561957,5.0,3,0.0362620972576015,0.0,0,0
0,1,1,1,1,6,0,28,186.4047258893327,6.0,1,1.3702555241893155,0.6543695312825354,1,0
1,1,0,0,0,1,0,27,153.42880008043952,1.0,0,2.7418800736655764,2.0125435315841864,1,1
0,1,0,0,1,1,1,31,279.19318226962145,1.0,3,0.9403437660383548,0.8384499403967942,0,0
1,1,1,1,1,1,0,35,305.1783336075948,1.0,1,5.14185240354786,4.962539709845446,0,0
1,1,1,1,0,6,0,27,106.2823307103199,6.0,5,2.6140652862780867,2.667067807718234,0,0
1,1,0,0,1,1,1,35,164.4668461950556,1.0,7,1.2779018211693751,1.4088359683526417,0,0
0,0,0,0,1,1,0,36,362.34552480864136,1.0,3,3.621083535772328,3.673441915125361,0,0
1,1,1,1,1,1,1,30,140.69942160549994,1.0,1,2.397639361301368,2.0254520203810853,1,0
1,1,1,0,1,6,1,32,69.97022194936274,6.0,4,2.59406816595338,2.51994867778492,0,0
1,0,1,1,1,6,0,33,67.3447431949821,6.0,2,0.5667174095657099,0.5918819521639339,0,0
0,1,0,0,1,6,1,29,230.591940947735,6.0,9,0.7507788789813128,0.7237109915521286,0,0
0,1,0,0,1,1,0,30,108.81046040220345,1.0,1,1.478378998850454,1.6991286907006424,1,0
0,1,1,0,1,1,1,29,299.26475178182426,1.0,4,2.1702874369350704,1.9844704055936744,0,0
1,1,0,0,1,12,1,30,185.11083662502048,12.0,4,1.7075869115721718,1.5265653400998025,0,0
1,1,0,1,0,6,0,36,25.1822023282986,5.0,4,1.1807603401772786,1.1797808119700948,0,0
1,1,0,0,1,1,1,28,225.52894735720665,1.0,2,1.9213300560375115,1.998263923553875,0,0
1,1,1,1,1,12,0,32,192.9372102306008,10.0,9,0.2367733469038276,0.1940923421545832,0,0
0,1,1,0,1,1,0,26,197.1667874003609,1.0,5,1.5002882649236309,1.4647848534944965,0,0
1,1,0,0,1,1,0,26,48.856369880486966,1.0,1,0.4058209846874219,0.0,1,1
0,1,0,0,0,12,0,27,327.35373070151667,12.0,7,2.1881615400787786,2.0294190967400345,0,0
0,1,1,1,1,1,1,33,148.41805281528684,1.0,4,3.3686057499800075,3.3918531715752978,0,0
1,0,0,0,1,1,1,28,210.9343620958154,1.0,2,0.6878035760791017,0.0,1,1
0,1,1,0,1,1,0,25,49.278551350296574,1.0,3,1.419160803959895,1.279736013382356,1,1
1,1,0,0,1,12,0,25,223.25045973551929,12.0,1,0.0,0.0,0,0
0,0,1,0,1,6,0,30,85.82188753498224,6.0,4,3.7977964399899418,3.8294855970433255,0,0
0,1,0,0,1,1,0,32,15.7904713206799,1.0,2,2.3675668618046783,0.8346621681853337,1,1
0,1,0,0,1,1,0,36,303.639940285414,1.0,5,2.057776053510577,2.0685895895052813,0,0
0,1,0,0,0,1,0,26,94.789885067726,1.0,0,1.2933657471833104,1.6123943681127622,1,1
1,0,0,0,1,1,0,25,90.99553463120589,1.0,2,1.931874466208037,1.068449214606536,1,1
1,1,0,0,1,1,1,34,9.680631843912751,1.0,7,0.5592885407455543,0.5619250374372532,0,0
1,1,0,0,1,12,0,28,168.84318157011558,9.0,2,2.9824759358524666,2.8584777698249666,0,0
1,1,0,0,1,1,0,31,128.91794496752766,1.0,10,1.2452836677972592,1.4004299708863042,0,0
0,0,0,0,1,6,1,30,159.7082480456553,6.0,5,2.7898975786191764,2.4168750468773523,1,0
1,1,1,0,1,12,1,30,137.23037021991678,9.0,2,3.0782702495488823,3.0808041062493814,0,0
1,1,0,0,1,12,1,31,293.9504650664701,11.0,12,2.0009118135863435,1.911062928457248,0,0
1,1,0,0,1,6,0,30,10.919044681072592,5.0,7,2.62280704293201,2.743787090821331,0,0
0,1,1,1,1,1,1,29,233.53801379705024,1.0,1,2.2332533973648614,2.1290146870422344,0,0
0,1,1,0,1,1,0,26,24.081862206046928,1.0,0,2.330229556827828,1.4405597944579336,1,1
1,1,0,1,1,1,0,32,161.67687955234467,1.0,5,1.9172877959337653,1.9792576554762893,0,0
0,1,1,1,1,12,0,28,84.89121627537787,11.0,1,2.8167485742019456,2.7679725707966427,0,0
0,1,1,0,1,1,0,30,44.27186794015736,1.0,2,1.1143415548077424,0.3395328499845527,1,1
0,1,0,0,1,1,0,27,243.44782695321555,1.0,1,2.3185582772767623,2.264364269376285,1,0
0,1,0,0,0,1,0,25,123.66191598221953,1.0,5,1.912127923698311,2.028011326138176,0,0
1,0,1,0,1,12,1,28,338.4193944823344,10.0,7,1.6367048232551458,1.6306011238950158,0,0
0,0,1,0,1,12,0,29,282.2401301549674,12.0,3,1.2772048267458491,1.4024377599165363,0,0
1,1,0,0,1,6,1,31,219.6158757471227,6.0,1,1.7385623353727342,1.8261102997740275,0,0
1,1,0,0,1,1,1,35,32.16694848761271,1.0,7,2.3179195469281177,2.337857889834853,0,0
0,1,0,0,1,6,0,26,8.649808932194361,6.0,16,0.1644185629869836,0.1204634919774526,0,0
1,1,1,1,1,1,0,28,103.74754748031287,1.0,1,0.9810963815233852,0.0083846055171468,1,1
1,1,0,0,1,6,1,37,148.5270468492099,6.0,17,1.1291232504901556,1.070852949213223,0,0
0,1,0,0,1,12,0,35,204.91105811653188,12.0,2,2.7089485672906424,2.7159328811950485,0,0
0,1,1,0,1,1,0,30,162.529379167893,1.0,6,2.431572680483606,2.3903497652732755,0,0
1,1,0,0,1,1,0,28,244.16602722539417,1.0,4,2.7409530009477634,2.6811469195397644,0,0
0,1,0,1,1,6,1,29,303.5104433244452,4.0,16,1.5301653695300663,1.4566682426552742,0,0
0,1,0,0,0,1,1,32,221.0534644476744,1.0,12,2.0611181724660343,2.135284326927013,0,0
0,0,1,1,1,6,0,29,58.62395169196739,6.0,2,1.9729861269267253,1.938463937550111,0,0
1,1,1,1,1,12,1,31,326.3674220283018,8.0,4,3.3744536503417537,3.393701402655645,0,0
0,0,0,0,1,1,0,30,82.25533188214428,1.0,2,1.0537086592921328,0.8320129115833063,0,1
1,1,1,0,0,6,0,25,47.47909110057165,6.0,0,1.7719231742900754,1.2879436773573734,1,1
0,1,0,1,1,1,0,29,328.2473825326099,1.0,0,0.4739121361528993,0.4058922870960691,1,1
0,1,1,1,1,12,0,31,183.34002886507847,11.0,8,3.59050531834263,3.4736797557891186,0,0
1,1,0,0,1,6,1,31,34.699763494685484,6.0,4,3.960515478578985,3.797594119467672,0,0
0,1,0,0,1,1,1,21,119.73492162734576,1.0,1,1.9143770956145096,1.0172175972028907,1,1
1,1,1,1,1,1,1,27,71.1967870454408,1.0,1,3.463376997120207,3.406710868724544,0,0
0,1,1,0,1,6,0,28,66.45914022410912,6.0,4,2.9719019973295806,2.924220125389488,0,0
0,1,1,1,1,1,1,36,78.46223414529717,1.0,1,1.5671240332054368,1.6747948690570853,0,0
0,1,1,1,1,6,1,29,113.6285804383454,6.0,2,6.02366847599591,6.146782880452392,0,0
1,1,0,0,1,1,0,29,259.1072156999059,1.0,14,2.273820239675892,2.349721272021672,0,0
0,1,0,0,1,1,0,30,25.35211056853969,1.0,6,1.789534742536026,0.8454130188373666,1,0
1,1,0,0,1,1,1,29,92.46712137769568,1.0,3,1.5215659982028362,1.5398529921993496,0,0
1,1,0,0,1,6,0,27,122.33561541666757,6.0,7,2.399736098485752,2.3397980647546905,0,0
0,1,0,0,1,12,0,28,112.79570178125988,11.0,3,2.67232521578028,2.753441855174416,0,0
1,1,1,0,1,6,0,29,139.34952378010922,6.0,8,1.391037096478528,1.3544371854288566,0,0
0,1,0,0,1,1,1,29,272.2287635995464,1.0,2,1.2291897250730324,0.2826620874464241,1,1
1,1,1,1,1,1,0,22,21.79064250262105,1.0,1,2.2631153250940024,1.8455822038996768,1,1
1,1,0,0,1,1,0,33,68.50358197916258,1.0,6,2.6119538987891664,2.6695651601506007,0,0
0,1,1,1,1,12,1,28,142.68216428149182,12.0,6,1.016788513605989,0.9284467027790844,0,0
0,1,1,1,1,1,0,23,154.15235908972318,1.0,0,1.0940444405060197,0.0,1,1
1,1,1,1,1,12,1,33,219.8857910233685,12.0,3,1.0455031018628178,1.0083818050843685,0,0
1,0,1,0,1,1,0,26,187.1627542353601,1.0,1,1.3215207670517022,0.6517556591068929,1,1
1,1,0,0,1,1,0,24,51.45037755255,1.0,1,1.5484606910519547,0.3458019184809942,1,1
1,1,1,1,1,12,1,35,161.989847247568,12.0,4,2.586389240078054,2.66129491918179,0,0
0,1,0,0,1,12,0,28,141.3321509716341,12.0,1,2.473969961681881,2.3616034056271307,0,0
0,1,1,0,1,6,0,29,50.5206112942493,5.0,11,0.239958274833147,0.3340948201491426,0,0
1,1,1,0,1,6,0,33,76.695751402237,4.0,7,3.487659498524472,3.4454228491511616,0,0
0,0,0,0,1,1,0,32,8.00073629625308,1.0,1,0.8811931002995854,0.8606186905863473,1,1
1,1,0,0,1,1,0,26,13.818039425637489,1.0,4,2.6173725901139058,2.609531405387138,0,0
0,1,1,1,1,1,0,24,92.96148987100658,1.0,0,1.7237312901323645,0.5146101188146686,1,1
1,1,0,1,1,1,0,25,226.61709089768232,1.0,0,0.1530703206985866,0.0,1,1
1,1,0,0,1,1,0,28,42.16080904270572,1.0,1,0.4250114097298257,0.6052465413331591,1,1
1,1,0,0,1,1,1,30,137.8353142916146,1.0,13,1.7877068726346428,1.8562817909497,0,0
0,1,1,1,1,6,1,25,49.84457773808377,6.0,0,2.386860462098351,2.5132877868720107,1,0
1,1,0,0,1,1,0,27,61.4506174391214,1.0,0,1.6333280059196218,1.6514829965427755,1,1
0,1,0,0,1,6,0,30,59.33775336243094,6.0,6,2.025192048210294,1.9355575575089807,0,0
1,1,0,0,1,1,0,36,79.29361848882044,1.0,12,1.604291845573584,1.645825408314718,0,0
0,1,1,1,1,1,1,26,116.74854033740615,1.0,4,1.581822062663076,1.4230329946315674,1,0
0,1,0,0,1,6,1,29,33.003530312096586,6.0,7,2.375283213783732,2.4488824328539143,0,0
0,1,1,1,1,12,0,31,223.1024484793248,8.0,4,3.8559158736511385,3.797062439609829,0,0
0,1,1,1,1,1,0,32,231.8542461263285,1.0,19,1.068484579502376,1.033211573544227,0,0
1,1,0,0,1,1,0,28,36.24329677378928,1.0,4,3.3474381427336546,3.347092160713467,0,0
0,1,1,1,1,1,1,35,161.8729406297085,1.0,3,1.8966865203320653,1.7837558495300234,0,0
1,1,1,0,1,6,1,30,249.4580465323491,6.0,14,3.5839236737841365,3.612875726791279,0,0
0,1,0,0,1,1,1,28,203.7103787173457,1.0,0,1.476274360410963,1.48300023316845,1,1
0,1,1,1,1,12,0,26,255.89667111060075,12.0,2,1.2551927018533422,1.307742186709433,0,0
0,1,0,0,1,12,1,32,246.4703822943856,11.0,4,1.5806008854337243,1.5221662195019487,0,0
1,1,0,0,0,6,1,31,278.59917093721407,6.0,9,2.675603454802048,2.607345932248685,0,0
1,1,1,0,1,1,0,31,204.588644463828,1.0,2,1.565315070564777,1.5049967152972832,0,0
0,1,0,1,1,6,0,34,111.64396401074532,6.0,3,1.7510590252880922,1.7965761142314176,0,0
1,1,1,1,1,1,1,33,162.01467220624193,1.0,3,2.4696761992144904,2.6326625378083848,0,0
1,0,1,0,1,1,0,28,191.71814435323867,1.0,9,2.350243736081786,2.2185181567678045,0,0
0,1,0,0,0,1,0,28,214.3299564687268,1.0,14,3.700020247571967,3.610445142471992,0,0
1,1,1,0,1,12,1,25,39.77028719706775,9.0,12,2.7896247535273413,2.8452731807091487,0,0
1,0,1,1,1,6,1,25,135.4998502483,5.0,2,0.8568999932235337,1.0339394023380677,0,0
1,1,1,0,1,6,1,26,241.918825608546,6.0,2,0.6729692288156,0.6412307167894612,0,0
0,1,1,1,1,6,1,28,236.80019324575295,6.0,9,1.6856558172089189,1.6249144226545886,0,0
0,1,0,0,0,1,1,24,85.76724843702486,1.0,0,0.7861322994298774,0.0,1,1
0,1,1,0,1,12,1,29,42.24532509765183,12.0,12,3.2608140364674183,3.3953526869551425,0,0
0,1,0,0,1,1,0,30,19.36779395560596,1.0,0,0.3834683043649449,0.2911615564537117,1,1
0,1,1,1,1,12,0,33,114.15861988948792,12.0,3,1.9884533929314407,1.9457317680054864,0,0
0,1,1,1,1,12,1,26,307.5685844636217,12.0,10,3.84631858913878,3.8262171633439146,0,0
0,1,0,0,0,12,0,30,149.0184084670977,11.0,1,1.4707188110140708,1.6211021891356314,0,0
0,1,0,0,1,1,0,27,179.62254946093648,1.0,3,2.2130640069702645,1.087306283234982,1,1
1,1,1,0,1,6,1,28,227.76714616824088,6.0,4,1.1302262473732894,1.125771290028106,0,0
1,1,1,0,1,12,0,24,70.67150093064276,12.0,7,2.4866758386707715,2.487343644977181,0,0
0,1,1,0,1,1,0,29,82.5963714730878,1.0,3,2.0466757840258567,1.9461706624674429,0,0
1,1,0,1,1,1,1,25,267.6454794880021,1.0,4,3.0473617839279465,3.233859098386608,0,0
1,1,1,1,1,6,0,27,4.441153749483568,6.0,3,2.282573899051163,2.229358365782773,0,0
1,0,1,0,1,1,0,28,111.83871553555902,1.0,0,0.4514914492510309,1.0425029017759238,1,1
1,1,1,1,1,6,0,27,15.562016131770058,4.0,17,2.7781831148351754,2.7111698144648724,0,0
1,0,1,1,1,6,1,26,59.66527061995004,6.0,1,1.6696758403290053,1.7087759448716129,0,0
1,1,0,0,1,1,1,26,156.5547580147368,1.0,3,0.5873171843877231,0.6528764776021001,0,0
1,1,1,1,1,12,1,24,225.38947395892288,12.0,6,1.0458160898068205,0.9626700286475816,0,0
0,1,1,1,1,12,0,32,137.84714667152315,11.0,3,2.234327532539274,2.176055678280251,0,0
1,1,1,1,0,6,1,34,13.41430393330576,5.0,8,3.896427326183949,3.939824442627673,0,0
1,1,1,1,1,1,0,36,210.0790247156144,1.0,3,2.273008962805448,2.2658096950035285,0,0
0,1,1,1,1,1,0,31,44.852110464178175,1.0,3,1.7334016305719226,1.4827570164640929,0,0
0,0,0,0,1,12,0,29,309.1942360638702,12.0,2,1.2089410384918264,1.2014971713971976,0,0
1,1,1,1,1,1,0,23,96.70025024374404,1.0,0,1.0685436065067857,0.9362603927867736,1,1
1,0,1,0,1,6,0,29,109.9986514124416,6.0,5,2.0935330311343785,2.027589676129577,0,0
0,1,0,0,0,6,0,34,32.668597442285204,6.0,4,0.935762871642534,0.9785700766743008,0,0
1,1,0,0,1,1,0,28,50.23124659100566,1.0,1,3.021558074856105,3.241357273069468,1,0
1,0,0,0,1,1,1,27,124.99985427954188,1.0,0,0.8090367016539627,0.2232532007753008,1,1
1,1,0,0,1,1,1,21,38.2828250929991,1.0,3,3.4172558501992603,3.429057951995418,0,0
1,1,1,0,1,12,0,28,43.44094932384397,9.0,3,3.6406667400798063,3.720636058594738,0,0
1,1,0,0,1,12,0,29,132.67143635191144,10.0,2,1.0774892545087078,0.5251957831822072,1,0
0,1,0,0,1,1,0,35,191.5712425281676,1.0,3,2.0923758171881413,2.180422469671733,0,0
1,1,1,0,1,12,1,29,94.24309175315376,11.0,3,1.675794711286125,1.7336956550231362,0,0
0,1,0,0,1,1,1,27,472.318896556732,1.0,5,3.5474896681039403,3.7551304155004352,0,0
1,1,0,0,1,6,0,28,50.95514856673935,6.0,1,1.3508761896350476,0.9105203653770508,1,0
1,1,1,1,1,12,1,34,216.14350612220767,12.0,3,2.212150053975744,2.1648813642734965,0,0
0,0,0,0,1,1,1,26,159.68200907652113,1.0,6,1.052411655229352,1.2549389164318046,0,0
0,1,1,1,1,6,0,30,257.1629899232398,6.0,2,3.27603509773708,3.2951691280286086,0,0
1,1,1,1,1,6,0,28,115.77487796084124,6.0,2,0.6335916085168876,0.7550997925776941,0,0
1,0,0,0,1,1,1,30,249.5130881367792,1.0,2,0.8754402522144942,1.002298541581715,0,0
0,1,0,0,1,12,0,31,60.51661086947127,12.0,4,0.2816391803561179,0.3276868163441968,0,0
0,1,1,0,1,12,1,34,163.48228517502702,12.0,6,3.2662459950514338,3.2075370754328167,0,0
0,1,0,0,1,1,1,26,46.8816463551746,1.0,1,1.33058660471976,2.30162877543228,1,1
1,1,1,0,1,6,0,26,86.27952309859894,6.0,6,1.4207127145707776,1.5067365743736667,0,0
1,1,0,0,1,1,0,25,88.34965489665136,1.0,0,1.8692527427455183,1.5678808635472592,1,1
1,0,1,0,0,12,0,31,323.4359895962682,10.0,1,1.9639220151036472,2.0929510999238228,0,0
0,1,0,0,1,1,1,33,69.20122993247116,1.0,3,0.9470354640926376,0.9800076644609188,0,0
0,1,1,1,1,6,0,23,158.9932057701319,3.0,1,4.259118107002283,4.273456886174982,0,0
0,1,0,0,1,6,0,32,26.70351201556737,6.0,3,2.853048765299244,2.9819076375999933,0,0
1,1,0,0,1,1,0,34,128.78766829544676,1.0,5,2.4723982005132243,2.5325231867518534,0,0
1,0,1,0,1,1,1,28,162.55456456434447,1.0,1,1.11028845707887,1.1744855327659098,0,1
1,0,0,0,1,1,1,27,23.36614092782209,1.0,11,2.453018620372532,2.4219328173369905,0,0
1,1,0,0,1,1,0,29,81.78368532117129,1.0,0,1.9632416260490064,1.7212500104952215,1,1
0,1,0,0,1,6,1,28,142.90547871376933,6.0,18,0.5551935795543501,0.8964207455027551,0,0
0,1,0,0,1,12,1,30,466.0276398041492,10.0,1,3.5197164705847745,3.5489163042164584,0,0
1,0,0,0,1,1,0,31,12.146273821023115,1.0,6,2.641608277502834,2.71553497372709,0,0
0,1,0,0,1,1,0,18,71.40408926819354,1.0,0,2.2553830251495874,1.1097293341505663,1,1
0,0,1,0,1,1,1,33,412.60884842815534,1.0,7,0.8246827892592392,0.7744220607220229,0,0
0,1,0,0,1,1,1,30,140.14766368853924,1.0,0,0.8558954504292726,0.1053812291462872,1,1
0,1,0,0,0,1,1,32,224.69864149299468,1.0,1,2.2014874415327776,2.1536761965093074,0,0
0,1,0,0,1,1,1,31,174.65845497131664,1.0,13,2.8980209720916563,2.876062849269407,0,0
0,1,1,0,1,6,1,25,268.6862895657225,6.0,1,0.6631483499714732,0.6450213216509832,0,0
0,1,1,1,1,6,1,34,65.20210679756127,6.0,1,0.910312618886956,0.9249437228671228,0,0
0,1,1,0,1,1,1,32,44.67250817468889,1.0,1,1.7716919792557118,1.6878719123797667,0,0
1,1,0,0,0,12,0,27,241.3737921378424,10.0,2,2.593013189595311,2.7732476829798616,0,0
0,1,1,1,1,12,1,31,186.37316604299045,12.0,3,3.0195066746929387,2.9909152993492265,0,0
0,1,1,1,1,12,1,30,191.3838798415796,12.0,11,1.867538385633848,1.7953775609599485,0,0
1,1,1,1,1,6,1,32,247.39626964490293,5.0,1,1.7176463350671636,1.7548952786641785,0,0
0,1,1,1,1,6,1,30,147.91791533105504,6.0,20,2.0517347039759355,2.0208166711079567,0,0
0,1,1,0,1,6,1,31,287.1859956447229,6.0,2,1.481877238770292,1.559308967542619,0,0
0,1,0,0,1,6,0,31,190.69782943671848,6.0,2,2.225611207636525,2.1228396442606714,0,0
0,1,0,0,1,1,0,31,40.03494656254397,1.0,1,2.1820341586276046,1.8462842097108416,1,1
0,1,0,0,1,1,1,28,65.93002818229921,1.0,1,2.0296091099554805,1.6916320981125283,1,1
1,1,1,1,1,1,0,29,61.4688211544357,1.0,6,0.9973734874059306,1.0637130787070486,0,0
1,1,1,0,1,1,0,29,207.1903616188124,1.0,0,1.912637693292316,0.9991354121077948,1,1
1,1,0,0,0,1,1,31,103.2743596881186,1.0,4,1.7796134328158568,1.7300128846324143,0,0
0,1,0,0,1,6,0,30,227.5300092686816,5.0,11,2.897095348592164,2.915392259509181,0,0
0,1,1,1,1,12,0,28,92.3296349658507,11.0,11,1.7343710636820968,1.7992636606698589,0,0
1,1,1,0,1,12,0,30,174.43058712331646,11.0,9,1.696863335086217,1.6012410500461938,0,0
1,1,0,0,1,1,0,29,213.94692758823544,1.0,7,2.39891789575082,2.286560336486166,0,0
1,1,0,0,1,1,0,30,54.02212564226403,1.0,1,1.6924265915198804,0.7884585809527436,1,1
1,1,1,1,0,6,1,32,94.2663885148517,6.0,2,1.138941228411322,1.2772416305372298,0,0
0,0,1,1,1,1,0,33,17.867481013521505,1.0,9,1.1199591424925206,1.1139186851744307,0,0
0,0,0,0,1,1,0,30,353.89483221304164,1.0,4,1.025733570347172,0.8821477822703596,0,0
0,1,0,0,1,12,1,35,151.39247428423928,12.0,2,2.488619422420064,2.4329310101507446,0,0
0,0,1,0,1,12,0,27,274.07073587217343,11.0,3,3.2758686027839805,3.325798292954576,0,0
1,0,1,0,1,1,0,32,219.79528635127315,1.0,7,1.063803022005765,0.9817436559962224,0,0
1,1,0,0,1,1,0,31,194.3900234308408,1.0,1,2.7636250143361125,2.8065746466653634,0,0
1,1,1,1,1,12,1,33,281.8683381834851,12.0,11,0.0088238849200099,0.02586443592658,0,0
1,1,0,0,0,1,1,25,233.76229445660144,1.0,0,0.8312252072502079,0.6865251731843901,1,1
1,0,1,0,1,1,1,27,155.9748511285859,1.0,1,1.5487839183328125,1.622759210728364,0,1
1,1,0,0,1,12,1,33,229.1895291799069,12.0,6,0.5550548448426749,0.4485911415242242,0,0
0,0,0,0,1,1,1,32,8.116398782689338,1.0,1,1.1966744829090747,1.315196859643638,0,1
1,1,0,0,1,1,0,26,0.682228209858522,1.0,3,1.5714531090768395,1.6379023914040558,1,0
1,0,1,1,1,12,0,29,171.7258460743299,12.0,9,2.6694114034494203,2.7910690859003227,0,0
1,1,1,0,1,6,0,27,63.780804955952505,6.0,4,1.2886055034862518,1.15981864626671,0,0
1,1,0,0,1,1,1,26,41.33808738957686,1.0,9,1.0921065242834898,0.9665349341196006,0,0
1,0,1,0,1,1,0,28,86.9531999151943,1.0,2,2.6629012699328847,2.5326252440647807,0,0
0,1,1,1,1,6,1,27,159.1489236862274,5.0,3,3.5115681790970164,3.528885687703054,0,0
1,0,0,0,1,1,0,20,117.76592211390852,1.0,2,0.8974634388858421,0.0127942747777363,1,1
1,1,1,1,1,12,0,28,78.25054157456312,11.0,2,2.7861463628542094,2.8314394988262594,0,0
0,1,0,0,1,12,0,34,71.73921724864654,12.0,4,2.8856345219904,2.8980311018216733,0,0
0,0,0,0,1,1,0,21,130.74054179983764,1.0,0,1.486515289808124,0.4350669816881054,1,1
0,1,1,0,1,12,0,27,26.34554387446528,12.0,1,0.2326541264545681,0.0,1,0
1,1,1,1,1,6,0,24,20.977590030783123,6.0,5,1.6974206190558183,1.6652490216914462,0,0
1,0,0,0,1,1,0,28,134.02379452066302,1.0,1,3.1692569894410085,3.0768602923531723,1,0
0,0,0,0,1,1,0,31,196.14607823495183,1.0,5,0.5860085132498474,0.5798014873988194,0,0
1,1,1,1,0,6,0,27,274.0847632435824,6.0,8,1.895460755614688,1.7220147147728198,0,0
0,0,1,1,1,1,0,34,56.9541718209822,1.0,4,0.5260150498597678,0.5904759585718831,0,0
0,1,1,1,0,6,1,31,8.256842466747372,5.0,1,1.1544163099049327,1.0272083050244312,0,0
0,1,0,0,1,1,0,25,111.8457893327204,1.0,8,3.0553544380048967,3.1553893366375125,0,0
1,1,1,1,1,6,0,37,229.2968682028564,6.0,3,2.392331866970627,2.6236190428873347,0,0
0,1,1,1,1,1,0,29,156.82126129219395,1.0,3,1.0312187929205558,1.0065167528447432,0,0
1,1,0,0,1,1,0,28,265.68202331436567,1.0,1,1.3189789887365249,1.2650821004078656,0,1
0,1,1,1,1,1,1,33,243.298215066616,1.0,3,3.504920151660724,3.7124451192194265,0,0
0,1,1,1,1,1,0,23,100.54378373291355,1.0,1,0.6140874389230958,0.0,1,1
1,1,0,0,1,1,1,28,259.4925392993812,1.0,1,2.694437348628925,2.804686480795496,0,0
1,1,1,0,1,6,1,31,333.4039369111453,6.0,9,2.6735758715666043,2.7483038864360894,0,0
1,1,0,0,1,1,1,32,150.54036599715607,1.0,1,3.007039539254788,2.8018640769193484,0,0
1,1,1,1,1,12,1,30,6.402727325230572,12.0,14,1.6931908189625131,1.7159355220321582,0,0
1,1,1,0,1,1,1,28,132.144631872878,1.0,1,3.7154929789970073,3.907798981498432,0,0
1,1,0,0,1,1,1,32,28.94454578043405,1.0,2,2.8462864758039723,2.7805037064917864,0,0
0,0,0,0,1,1,0,31,103.52946486576973,1.0,6,1.4958683371670327,1.4933401073551813,0,0
1,1,0,0,1,1,1,33,29.741681326631262,1.0,1,2.40785985692727,1.575433318878048,1,1
0,1,1,1,1,6,0,27,25.684052170776468,6.0,1,1.0198362597209978,1.4757559041674946,1,0
1,0,1,0,1,6,0,32,194.8045239550052,5.0,5,1.1748322166041385,1.3189530744055349,0,0
0,1,0,0,1,1,1,35,191.0588505109339,1.0,4,1.6503913311863805,1.658654286400718,0,0
0,1,0,0,1,1,1,28,60.05534993154515,1.0,8,2.1367140282764283,2.065028673232532,0,0
1,1,1,1,1,1,1,34,396.3994509419098,1.0,1,2.237812407357339,2.157834969155669,0,0
0,1,1,1,1,12,0,30,260.12249843165125,12.0,2,1.9393032884954715,1.9968341014795976,0,0
1,1,1,0,1,1,0,20,168.74393427071962,1.0,1,0.6039786669107805,0.0,1,1
0,1,1,1,1,1,0,27,260.702427160756,1.0,0,0.1345718688606987,0.0,1,1
1,1,1,1,0,6,1,28,93.19541516821371,6.0,1,1.3676934674486831,0.1107117426095272,1,0
0,1,0,0,1,1,1,31,57.73976157375759,1.0,1,0.9526132981972594,1.305268599482742,1,1
0,1,0,0,1,1,0,32,159.2267255415881,1.0,1,1.8103722345098847,1.643288981017922,1,0
0,1,1,1,1,6,0,26,6.038435983615643,6.0,1,1.587778933673738,1.6556469741686128,0,0
1,1,0,1,1,1,0,26,307.97404364982515,1.0,1,1.7700079809206744,1.1803313499927204,1,1
0,1,0,1,1,1,0,24,84.03725036498153,1.0,3,1.8924676174969133,1.9353552194528687,0,0
0,1,0,0,1,12,1,32,146.27192692120812,4.0,6,2.767096930090944,2.812286095489237,0,0
1,1,1,0,1,1,0,33,51.28456656235029,1.0,14,2.882010125375952,2.665559821909312,0,0
1,1,0,0,1,1,1,30,92.21825100719563,1.0,1,2.803474949825444,2.8579356004518925,0,0
1,1,0,0,0,1,0,28,5.299371787801134,1.0,3,3.3107259514616314,3.3192165652891235,0,0
0,1,1,0,1,12,0,29,69.7507555190577,11.0,2,1.0919182233365603,1.0510779540525514,0,0
0,1,0,0,1,1,0,27,239.01883485936287,1.0,6,2.3977432114131925,2.5103230437588047,0,0
1,1,1,0,1,1,0,32,180.7635899102696,1.0,1,1.6116635562137778,1.7633033974310193,0,0
1,0,1,0,1,1,0,27,16.561641365032358,1.0,0,1.9638946414522347,1.4310734805633492,1,1
1,1,1,0,1,1,0,22,138.3032826067853,1.0,0,0.2258093674572508,0.1687583404094472,1,1
0,1,0,0,1,1,1,32,102.61637419379971,1.0,4,1.2351400353434687,1.0426580429954972,0,0
1,1,0,0,1,1,0,29,50.50142704436972,1.0,1,1.4840683950188247,1.173777902212741,1,1
0,1,1,1,0,12,1,27,215.2804569557356,12.0,1,2.20401426368777,2.3121743339643706,0,0
1,1,1,1,1,6,1,31,157.3873407991097,6.0,14,1.814809314995923,1.8129109109964423,0,0
1,1,1,1,1,12,1,32,207.524673359496,9.0,1,0.0739321443548739,0.0541583722520256,0,0
0,0,0,0,1,1,1,32,70.06782540019435,1.0,2,0.4726228532440955,0.3683595447881656,0,0
0,1,1,1,0,12,1,25,226.3035456150317,12.0,2,2.052248208156814,2.033183112007376,0,0
0,1,1,1,1,12,0,32,338.4241661275001,12.0,8,3.1847818120809723,3.189812250697424,0,0
0,1,1,1,1,1,0,33,16.749150128407233,1.0,1,2.9117440133190686,2.944011414458372,0,0
1,1,1,1,1,12,0,27,64.34271519256386,10.0,9,3.030821003112287,2.982682581422784,0,0
1,1,1,0,1,12,1,34,244.8518468221684,9.0,4,1.2189445529569505,1.2494314685648569,0,0
1,1,1,1,1,12,0,31,14.899913231023532,12.0,7,1.8205753108610376,1.8053744683367816,0,0
0,1,0,0,1,1,0,26,64.70358542783357,1.0,0,1.188054552851192,0.7607069268358035,1,1
0,1,0,1,1,12,1,28,51.97827267892687,12.0,2,3.190995855113293,3.1947568781358933,0,0
1,1,1,0,1,1,1,28,98.68214946527486,1.0,11,2.413708391451152,2.6778509859092763,0,0
0,1,0,0,1,1,0,22,64.13694399723272,1.0,0,1.33951312243907,1.1166726789970132,1,1
1,0,0,0,1,1,0,24,303.0573360815322,1.0,0,1.501877662908253,1.7759007277741397,1,1
0,0,0,0,1,1,1,31,93.6076108400538,1.0,6,3.91425566850796,3.961001939212495,0,0
1,0,1,0,1,1,0,26,98.61884045254948,1.0,1,1.0385601392418258,0.8037300492436201,0,1
1,1,0,0,1,1,0,34,445.9545267635789,1.0,1,1.872358661163752,1.892621194180324,0,0
0,1,1,0,1,1,0,27,148.95699151605342,1.0,2,0.4453329587082928,0.2336664486338364,1,1
0,1,0,0,1,1,0,26,9.83869613464556,1.0,0,2.2789030628606444,1.9291818715173168,1,1
0,1,1,1,1,12,1,30,26.225388527307164,12.0,5,2.64246508515714,2.659097159136216,0,0
0,1,1,0,1,1,0,27,91.1787201935725,1.0,5,2.3480422317117338,2.3089472541217884,0,0
0,1,0,0,1,1,0,29,128.66448203926282,1.0,1,3.450939798635024,3.3746650946257457,0,0
0,1,1,0,1,1,0,32,211.8141698710406,1.0,3,2.270248900742737,2.155382619256752,0,0
0,1,0,0,1,1,0,28,262.7072860121793,1.0,2,1.7555765227339788,1.8916972162127783,0,0
1,1,0,0,1,1,1,27,6.554918566615387,1.0,10,1.7791889414933866,1.8231687651596384,0,0
1,1,0,0,1,1,1,30,158.12558665735364,1.0,0,1.6905300015873328,1.5329062296179083,1,1
0,1,1,1,1,6,1,26,203.5493329578112,6.0,6,4.77789677663503,4.714157780992903,0,0
0,1,0,0,1,1,1,31,145.1677921153934,1.0,5,1.7952993110881346,1.6982453703064568,0,0
1,1,1,1,1,6,1,30,187.8320617699841,6.0,3,1.8748207910372243,1.822118189204959,0,0
0,1,1,0,1,6,0,25,9.992834824755963,5.0,1,3.1380023034833853,3.1213211192051205,1,0
1,1,0,0,1,1,0,24,114.67628726390149,1.0,2,2.5773590383674505,2.4916078003158884,0,0
1,1,0,0,1,6,1,29,228.68594044026,6.0,0,1.5591629704321377,1.60190952789039,0,0
1,1,1,0,1,6,1,31,56.34564881375108,6.0,3,0.0,0.0,0,0
1,0,1,1,1,1,0,29,224.0996624281296,1.0,8,2.5395462259157062,2.653997361904248,0,0
0,1,0,1,1,6,1,30,175.56115857345242,4.0,2,1.1344271878031118,1.1991633803057884,0,0
1,1,0,0,1,12,1,37,242.3556849433538,11.0,2,1.5204261296401522,1.4110459508203117,0,0
1,1,1,0,1,12,1,28,21.945122991427468,12.0,3,0.0,0.0209663261354782,0,0
1,1,1,1,1,6,1,27,0.1482047884566242,6.0,0,0.2602008278592247,0.0,1,1
0,0,1,0,1,6,0,25,60.71392668980903,6.0,1,1.7752052973725394,1.2166412357568936,1,1
0,1,0,0,1,6,0,27,264.7106939495053,6.0,5,1.8108787824175028,1.8940115162862785,0,0
0,1,0,0,1,1,0,29,7.103332593320445,1.0,2,2.346186537695021,2.4272517368491022,0,0
0,1,0,0,1,1,1,29,154.93646554913738,1.0,1,2.4081097039540484,2.2751679444783743,0,1
0,1,1,1,1,1,1,27,61.347168714423006,1.0,1,1.2305960640926763,0.8056381757914822,1,1
1,1,0,0,1,1,1,25,56.104113757746106,1.0,2,2.1381470236410243,2.6644324976769163,1,0
0,1,1,1,0,12,1,26,26.83992581583405,12.0,5,0.2209687025083102,0.2884503048820689,0,0
1,1,0,0,1,1,0,23,76.85218126873633,1.0,4,2.3976125075767403,2.4460443874031883,0,0
0,1,1,0,1,12,0,23,112.06578405969204,12.0,4,2.029896654954061,1.884602977188074,0,0
1,1,1,0,1,1,0,33,267.0834261514069,1.0,4,1.930005169123865,2.0442780416324533,0,0
0,1,1,0,1,1,0,28,55.772209155600535,1.0,1,0.6377633691665507,0.5731774176963804,0,1
0,1,0,0,1,1,1,23,30.40974910851543,1.0,2,2.3781225171046145,2.784798863156841,1,0
1,1,1,1,1,6,0,32,131.51536084019958,5.0,2,2.338527728662787,2.3501049704210994,0,0
0,1,1,1,1,12,0,26,22.57702960057564,11.0,3,3.091988460311585,3.0834796230069856,0,0
0,1,0,1,1,1,0,34,263.30273043547453,1.0,2,0.6520822563667821,0.7935765995051889,0,0
0,0,0,0,1,1,1,29,221.9375940707208,1.0,1,0.989664062248522,1.1793965344368649,1,1
1,1,1,1,1,12,1,30,181.0028959878132,12.0,7,0.5610166253780329,0.565700506744143,0,0
1,1,1,1,1,12,0,31,79.94152653190295,10.0,4,1.7488926557961644,1.8280643775967964,0,0
0,0,0,0,1,1,0,30,102.34100476285651,1.0,0,0.3776502195900997,0.0,1,1
0,1,1,0,1,12,0,28,217.9396397579041,12.0,3,0.6981219041984472,0.8044645742784738,0,0
1,1,0,0,1,1,0,29,183.71504950845627,1.0,29,1.7502078744794929,1.6082727078349122,0,0
1,1,0,0,1,1,0,28,66.90334130077211,1.0,5,2.5206754208666364,2.549357146080732,0,0
1,0,1,0,1,12,0,26,147.4466501599095,4.0,4,2.7243912695066945,2.624798677307054,0,0
1,1,1,0,1,12,1,26,242.09340750398263,12.0,2,2.896090713119189,2.806799871244346,0,0
0,1,1,0,1,1,0,34,75.50080207184851,1.0,4,2.6205234615470974,2.605641417323622,0,0
0,1,0,0,1,1,0,28,72.10447535962639,1.0,5,0.8439153115212648,0.928676927148038,0,0
0,0,1,0,1,1,0,30,116.60365421713384,1.0,12,1.6455017364502154,1.5207731544472318,0,0
0,1,0,0,1,1,0,26,109.54929949295008,1.0,0,1.6341415694703183,0.5508812143905537,1,1
0,1,0,0,1,1,0,31,148.2692083351537,1.0,9,3.276941215839704,3.3180344580574888,0,0
0,1,1,1,1,12,1,24,151.26465097780047,12.0,6,3.0076957722279145,2.9681973766757586,0,0
0,1,1,1,1,12,1,33,64.82988507036485,11.0,1,2.8526598181797898,2.809402137671443,0,0
0,1,0,0,1,1,0,32,173.78972538583088,1.0,5,2.73785894799587,2.9978347921307025,0,0
0,1,0,0,1,12,0,30,202.1802489362198,12.0,0,0.4671584929561241,0.5040700504587242,0,0
0,1,1,0,1,12,1,28,134.52334104202828,9.0,6,2.4610513311491067,2.5036422571760686,0,0
1,1,1,1,1,1,1,35,126.8208182148902,1.0,4,2.1089127762124384,1.941381958286492,0,0
1,0,0,0,1,1,0,25,71.90100353172024,1.0,0,1.1708605981058025,1.0577532652128194,1,1
1,1,0,0,1,1,0,27,308.87606242253537,1.0,0,1.864253920776328,1.8150926315786933,1,1
1,1,0,1,1,6,0,35,254.19000844449937,4.0,10,2.3834444086024646,2.34665265171142,0,0
1,1,1,0,1,12,1,35,315.31739757978283,12.0,16,2.5980113933758635,2.5840815963076884,0,0
0,1,0,1,1,12,1,30,339.5946576138612,11.0,2,2.0882211272317783,2.118279032338692,0,0
0,1,1,1,1,1,0,30,339.56885035097173,1.0,7,0.0,0.0,0,0
1,1,0,1,1,1,1,29,95.66155841984995,1.0,1,2.1792498562703746,0.942721860001219,1,1
0,1,1,0,1,12,0,29,424.3530558598373,12.0,8,3.6533273634898,3.539171260808088,0,0
0,1,0,0,1,1,0,25,125.38205632830216,1.0,0,1.2262020012853865,0.1267186623781677,1,1
0,1,0,0,1,1,0,30,131.66258939549428,1.0,6,1.6059767062098045,1.6581963643748856,0,0
1,1,0,1,1,6,1,36,261.0134978581957,6.0,3,2.6039103859149084,2.436987279693188,0,0
0,1,1,0,1,1,0,25,50.360424399145295,1.0,2,1.3701976888230627,0.6714501935487762,1,1
1,1,0,0,1,12,1,31,165.97620034542945,12.0,14,3.630721114113904,3.706808205559376,0,0
0,1,1,1,1,6,0,33,300.78620691934844,6.0,10,0.5293070565804079,0.6972114735519419,0,0
0,0,1,0,1,1,0,26,108.46296052538612,1.0,1,1.714971857125738,1.5045968377269572,1,1
0,1,1,0,1,1,1,37,223.87660572937145,1.0,1,2.355655948993151,2.4512231733631142,0,0
0,1,0,0,1,1,0,25,102.44735205826244,1.0,0,2.22580530965525,1.2689175007705018,1,1
0,1,1,0,1,12,0,28,121.18079892422836,12.0,2,2.6360985428195565,2.7506487538945232,0,0
0,1,0,0,1,1,1,29,170.71720745157273,1.0,0,1.5716664146411283,1.2639436137830606,1,1
1,0,0,0,1,1,0,20,304.53564862950003,1.0,1,2.4841113992502826,2.573158715148882,0,0
0,1,0,0,1,1,0,24,201.1207115268237,1.0,1,1.6809498012223292,0.6470040291310597,1,1
0,1,1,0,0,12,0,32,182.5486999734869,12.0,2,1.5688220254654774,1.5036626952561414,0,0
0,1,1,0,1,1,1,29,98.69168738277293,1.0,2,2.648485792918436,2.6617503110722085,0,0
0,1,0,0,0,12,0,31,276.253985110879,9.0,13,2.670232820803668,2.78437640325041,0,0
1,1,0,1,1,1,0,26,116.97384774433056,1.0,2,0.5578895202905217,0.0731734155858108,1,1
0,0,1,0,1,12,0,26,135.2518881980506,12.0,5,0.0,0.0,0,0
1,1,1,1,1,6,1,25,217.9471036856032,5.0,6,2.081984992325878,2.19495932750472,0,0
0,1,1,1,1,12,1,30,149.5027911942818,12.0,1,1.9562818253309449,2.1108444648442632,0,0
1,1,0,1,1,1,1,30,132.3067807372397,1.0,6,3.606000876694341,3.473234319390589,0,0
1,1,1,0,1,12,0,25,292.6097674851373,10.0,4,3.813216001073569,4.095132248636224,0,0
0,0,0,0,1,1,0,29,30.55209068937352,1.0,1,1.6676182055107758,1.8229881211337424,0,1
1,1,1,0,0,12,0,30,261.5913053842692,12.0,1,0.9898055069913192,0.8350603982864029,0,0
0,1,0,1,1,6,0,29,184.082697286792,6.0,3,2.1713221444865494,2.1479643033769635,0,0
1,1,1,1,1,1,0,29,9.469088632041164,1.0,2,3.1063441625944552,3.1675868332173227,0,0
0,1,0,0,1,1,0,29,142.92619557969357,1.0,6,1.9952549277786948,1.7343396330036307,0,0
1,1,0,0,1,6,1,32,115.7542429899104,6.0,10,0.0,0.2099717529747078,0,0
1,1,1,1,1,1,0,28,207.694332748018,1.0,0,2.334654381184206,2.0405746652433856,1,1
0,0,1,0,1,1,0,30,310.4628617740674,1.0,6,1.4117750607707502,1.3414106537476451,0,0
1,0,0,1,1,1,0,30,301.2333990353955,1.0,1,3.29207516136828,3.269879267674627,0,0
0,1,0,1,1,1,0,29,158.9818636939597,1.0,2,1.775618070325337,0.7054100718276812,1,1
1,1,0,1,0,6,1,32,150.3640478291993,3.0,2,1.6508233364910487,1.6503167574254858,0,0
1,1,0,0,1,1,0,32,230.77080716892505,1.0,4,3.808449164022232,3.681438731791783,0,0
0,1,1,1,1,12,0,24,187.2240741304019,12.0,1,0.1351781197579269,0.1499791383632368,0,0
1,1,0,1,1,1,0,32,13.45485959850933,1.0,1,1.8996615564564328,1.9642966177177936,0,0
1,1,0,0,1,1,1,29,94.82542641645796,1.0,1,2.2514064588407146,2.341763356645451,0,1
1,1,0,1,1,6,1,32,169.9852483119726,6.0,1,3.504664552284362,3.686428116450616,0,0
0,1,0,0,1,12,0,35,360.61857555630274,11.0,2,2.643701927372472,2.550357107695372,0,0
0,1,0,0,1,1,1,33,73.66193879677195,1.0,2,1.018481210097514,1.1369360546260674,0,0
0,1,1,0,1,6,0,32,55.77441782254436,5.0,6,0.8135614904122801,0.8746773672175823,0,0
0,1,0,0,1,1,1,31,123.36155454828057,1.0,3,0.9172427960985972,0.8858597310526942,0,0
0,1,0,0,1,1,1,32,287.04901689201364,1.0,7,2.532945510747993,2.645681069133856,0,0
0,1,1,0,1,6,0,32,206.9091881483805,6.0,15,2.112186290827434,2.2605163919001408,0,0
1,0,0,1,1,6,1,27,268.4628026961343,6.0,5,1.0518253167536171,0.8809336724114423,0,0
1,1,1,1,1,12,1,38,37.3715913421149,9.0,9,1.9592987715692312,1.807746923105699,0,0
1,1,1,0,1,1,0,25,296.14637812936434,1.0,0,2.0708385926142143,1.0903656225663312,1,1
1,1,0,0,1,1,0,27,123.2195957781072,1.0,0,2.4059435422246223,2.5318176639640253,1,1
1,1,1,1,0,12,1,30,256.68535478657867,11.0,26,1.2026114845370866,1.3840897646798302,0,0
1,1,1,0,1,12,0,26,174.9963029192636,12.0,3,2.1626451124575703,2.3031390284746625,0,0
1,1,1,0,0,6,0,30,141.7583605448954,4.0,3,1.8932572924996205,1.8692797198747184,0,0
1,1,0,0,1,1,1,30,414.5433842898426,1.0,3,2.8483272840904283,2.8631626362637617,0,0
1,0,0,0,1,1,0,29,115.2125618090216,1.0,2,1.6815719140135392,1.64823984867432,0,0
0,1,1,1,1,6,0,23,77.79550569458979,6.0,0,1.7950151225788495,1.4874494490793062,1,1
1,1,0,0,1,1,1,27,33.34895705215342,1.0,0,1.8330549660516944,0.0063979878928257,1,1
1,1,1,0,1,12,1,33,16.493166944934934,12.0,4,1.718790466569314,1.853020418358924,0,0
0,1,0,0,1,1,0,33,24.99111352392777,1.0,2,1.0838587399398252,1.1468189028553295,0,0
1,0,1,0,1,12,0,33,28.44684923649926,12.0,4,1.5991383747866652,1.3264908922217666,0,0
0,1,0,0,1,12,1,24,44.03701821599165,11.0,5,3.4286725288375903,3.4697106635427546,0,0
0,1,0,0,1,1,0,26,123.69663367051903,1.0,0,2.370527312090504,2.6467698174213514,1,1
1,1,1,1,1,1,1,30,71.77278889365212,1.0,10,4.953290171906938,4.909601721470147,0,0
1,1,0,0,1,12,0,26,50.244901267088935,12.0,0,2.153520973601061,1.6397413557828129,1,0
0,1,1,1,1,12,0,24,167.0188449881344,12.0,2,1.7530408092695575,1.893308297856498,0,0
0,1,0,0,0,1,1,24,59.57040935099732,1.0,0,0.2005594223936286,0.0,1,1
1,1,0,1,1,6,1,29,330.41903319446817,6.0,15,2.3465620975316908,2.4157778635020217,0,0
0,1,0,0,1,1,0,32,214.3295408993227,1.0,0,1.6756738697280755,1.6940594281469548,0,1
0,1,0,0,1,12,0,26,41.4372718797149,6.0,1,1.6715906964320733,1.7027748326841106,1,0
1,1,0,0,1,6,0,28,0.4340871188524461,6.0,3,1.981469192489559,2.1242357205049403,0,0
1,0,0,0,1,1,0,24,109.9659433743197,1.0,0,0.3139051591565622,0.0,1,1
0,1,1,1,1,12,1,31,56.87989785434846,9.0,5,2.834753583941441,2.914802134756083,0,0
1,1,0,1,1,1,0,27,246.69367492221429,1.0,1,2.7619983585702976,2.7857307350955485,0,0
1,1,0,0,0,12,1,28,212.61918748435485,10.0,2,3.7760112929013374,3.9067775219059664,0,0
1,0,1,0,1,6,0,25,224.6000164880552,3.0,2,1.7290020615749906,1.2039871889009115,1,1
1,1,1,1,1,12,1,27,41.251090505436,8.0,6,3.5677548089991915,3.4396949328317987,0,0
1,0,1,0,1,6,0,30,185.558238630902,6.0,3,1.306739906471441,1.4808532233399152,0,0
1,0,0,0,1,6,0,28,116.2842551344335,6.0,6,2.709592493029536,2.6651918559557832,0,0
0,1,1,0,1,1,1,27,456.934348453927,1.0,14,2.6494888867100475,2.6289318059371145,0,0
1,1,1,1,1,6,0,32,238.04946940539685,6.0,2,3.2786314691401075,3.2690604434298094,0,0
0,0,0,0,1,1,0,24,243.6625998685849,1.0,1,2.0522769671077405,1.795961918247002,1,1
0,1,0,0,1,1,0,25,96.99484972402811,1.0,1,1.5255334871447377,2.126956860320827,1,1
1,0,0,0,1,1,0,30,300.329873368941,1.0,0,0.9840615213358412,0.9097792264819788,1,1
0,1,1,1,1,12,1,30,12.472956537805189,7.0,2,2.3347270825224515,2.3453044115849058,0,0
0,1,1,1,1,12,1,30,131.6627022446107,9.0,5,0.0,0.0897068432764769,0,0
1,1,1,0,1,12,0,25,92.04709091794916,12.0,2,0.264835190348238,0.3628632588014079,0,0
1,1,1,1,1,12,0,32,175.85050096709577,12.0,5,2.086497406956334,2.176769611405601,0,0
1,1,0,0,0,12,0,31,201.9429589966568,11.0,2,1.1855693309003654,1.1711309626950657,0,0
0,1,1,1,0,12,1,33,347.5647591804475,12.0,1,0.0549500673658516,0.1592912316532215,0,0
0,0,0,0,1,6,0,28,51.63458871769427,6.0,5,3.230965582330017,3.3248972315889835,0,0
1,1,1,1,1,12,1,27,82.45427346755856,12.0,1,1.932871889467508,1.8128041949162537,0,0
0,1,1,1,1,6,0,38,41.2876296389984,6.0,9,3.354540559457196,3.2076088521640966,0,0
1,1,0,0,1,1,0,26,31.066720662788924,1.0,1,1.1574505234749584,0.2695965736483236,1,1
0,1,0,0,1,6,0,31,144.69053242240662,5.0,5,1.6699497666451877,1.7005920967673231,0,0
0,1,0,0,0,12,0,31,158.27343319983322,12.0,1,1.064900573481954,1.1644034008760034,0,0
1,1,1,1,1,6,1,33,273.9237308099248,3.0,12,1.3741732936172522,1.3650743004080923,0,0
0,1,1,1,1,1,1,34,40.92645527181149,1.0,4,3.34121775109771,3.3057677349739314,0,0
1,1,0,0,1,1,0,26,67.91361202217685,1.0,3,1.9465260467324603,1.9969592918270207,0,0
1,1,1,0,1,6,1,33,218.3977131575265,5.0,6,0.7473763237789615,0.6792346358903024,0,0
1,1,1,1,1,12,0,28,281.6881936454972,12.0,1,0.634576287238487,0.5293061697812009,0,0
1,0,0,0,1,1,1,27,140.8167179017984,1.0,0,0.1587093511685948,0.0,1,1
1,1,0,0,1,6,1,32,181.5337244754473,6.0,3,2.957932555198516,3.204947640740605,0,0
0,1,1,0,1,1,1,29,115.66246675795324,1.0,1,1.4565365559919126,1.3455851861002277,1,1
1,1,1,0,1,12,0,28,170.75807518022606,12.0,6,2.917535722663064,2.82647199586133,0,0
0,1,1,0,1,12,0,30,100.78718167984864,2.0,7,1.1844479637380934,1.4594422920062808,0,0
1,0,0,0,1,1,0,28,56.823615287203424,1.0,15,0.7946581486700692,0.8391854683375326,0,0
1,0,1,0,1,1,0,31,288.73968403307214,1.0,0,2.0326588153072938,2.1756193491924574,0,1
1,1,0,0,1,6,0,26,128.95598022357177,6.0,3,0.5378978904993618,0.0,1,0
0,1,0,0,1,6,0,30,113.12767610499156,5.0,2,2.2049673943325114,2.3013993469212366,0,0
1,1,0,0,1,1,0,24,173.76406606402543,1.0,5,2.5944560386029227,2.5379091535792218,0,0
1,1,0,0,1,1,0,34,247.79181725408387,1.0,8,1.084722802766379,0.9928766632046948,0,0
1,1,0,0,1,1,0,24,92.828875225227,1.0,1,1.5960615834113727,1.7980165484302613,1,1
1,1,0,0,1,12,0,31,116.05408247589642,10.0,31,2.3787478129857456,2.3073117793700617,0,0
1,1,1,1,1,1,0,28,158.87271337677475,1.0,2,0.8252409762450892,0.7497398032722988,0,1
0,1,1,0,1,1,1,33,163.08027577848438,1.0,1,2.558119156960964,2.487682569633184,0,0
0,1,0,0,1,1,1,29,105.22628816365238,1.0,1,1.6165685232818778,1.7377727952211417,0,1
0,1,1,1,1,1,0,29,311.1339598335244,1.0,6,0.6468085385552744,0.6186102058610936,0,0
0,1,1,0,1,6,0,33,431.0616358566786,6.0,5,4.0052870531746265,4.119854924774223,0,0
1,1,0,0,1,1,0,29,124.16013788084508,1.0,2,2.40049882172738,2.3676474343397924,0,0
1,0,0,0,1,1,0,26,85.33765337773094,1.0,1,0.8602368275166494,0.3024923783916896,1,1
0,1,0,0,1,1,1,31,33.946445786682204,1.0,5,2.6887793835776,2.8579675464711487,0,0
1,1,1,1,1,12,0,30,1.5001163814980532,12.0,2,2.766293463323667,2.7843061836500085,0,0
1,1,0,0,1,6,1,33,110.24388440018008,6.0,10,0.3337462066232382,0.4208940801311587,0,0
1,1,0,1,1,12,0,29,0.2516057215197094,12.0,7,1.3041489297360576,1.2260577350828206,0,0
0,1,1,1,0,12,0,32,243.3534972443376,12.0,10,2.8821176445838383,2.9240539363476947,0,0
0,1,1,0,1,12,0,26,86.0070080710672,12.0,3,2.4681910117701125,2.6474953173257787,0,0
1,0,1,0,1,1,0,24,127.14208323258816,1.0,0,2.289697311425879,1.7019655630417705,1,1
0,1,0,0,1,6,1,31,189.1620756846305,4.0,5,3.0702358870218736,3.1000856085093904,0,0
1,1,1,0,1,6,0,29,357.73880278242723,6.0,3,2.7871263461710005,2.809694687875516,0,0
1,1,0,0,1,12,0,29,80.69451767553255,11.0,5,1.462047327147381,1.5495791394789007,0,0
0,0,0,0,1,1,0,29,147.43538881641345,1.0,2,3.005823971877009,2.951396674691835,0,0
1,1,0,1,0,6,0,30,280.2335373973516,6.0,4,2.9071203971123016,2.827611191117754,0,0
0,0,0,0,1,1,0,29,87.26608911298666,1.0,1,0.9866715220159578,1.2017512170564708,1,1
1,1,1,1,0,6,0,32,98.248562365834,4.0,5,1.1967084190043162,1.0582067905205892,0,0
1,1,1,1,0,6,1,32,69.49010100713531,5.0,2,1.2272220731406136,1.1685726622840993,0,0
1,1,0,0,1,1,1,32,240.52713036453343,1.0,2,2.231345010183689,2.267857736643984,0,0
0,1,0,0,1,1,1,33,101.8978342737989,1.0,3,2.5463971965547465,2.408648799174446,0,0
0,1,0,0,1,1,1,29,264.60551415647086,1.0,0,2.355562612407676,2.3723301792604268,0,1
1,1,1,1,0,6,1,29,14.227470422861144,5.0,3,0.0203979476208577,0.0,0,0
0,1,1,0,1,12,1,27,78.07185485190341,12.0,1,1.565409984506784,0.5592151674421768,1,0
1,1,1,0,1,1,0,24,82.89381613604027,1.0,1,1.4800854280868934,0.5663685891097185,1,1
1,0,0,0,1,12,0,29,74.39221083118746,8.0,2,2.3868099615676965,2.310855489696817,0,0
0,1,0,1,1,6,0,29,98.6952598267108,5.0,3,2.7224650710789846,2.6870430665025498,0,0
0,1,0,0,1,1,1,28,56.97521475622914,1.0,0,0.7760247088729789,0.7173857597664269,1,1
0,1,0,0,1,1,0,27,277.7491168212823,1.0,1,2.5242751938754417,2.3912438265662392,0,0
0,0,0,0,1,1,0,26,119.33992739748209,1.0,2,1.7738299623462186,0.8451335105360377,1,1
1,1,0,0,1,1,0,33,34.96055739883856,1.0,4,1.885470058667374,1.79001157120151,0,0
1,1,0,1,1,1,1,29,21.339687705005915,1.0,2,1.8189706622749409,1.3836628923401482,1,0
1,1,0,0,1,1,0,28,104.472327187594,1.0,0,1.3100440765955734,1.0551811638961874,1,1
1,1,1,0,1,1,0,29,112.9129041854795,1.0,0,1.4650931943829095,0.7841092556288665,1,1
0,1,0,0,1,1,1,30,169.01137084506274,1.0,9,2.537157021157041,2.4518853375074303,0,0
0,0,0,0,1,1,0,21,220.52906617307983,1.0,0,1.5656119145608842,1.6605637022322397,1,1
0,1,0,0,1,1,0,27,187.04106455970123,1.0,4,2.147103919683206,2.2993644684981223,0,0
1,1,1,1,1,6,1,35,157.27722205736185,6.0,6,3.141780189136777,3.2628955948284646,0,0
0,0,1,0,1,12,1,28,25.61943301718059,11.0,4,2.813003669062276,2.809436334953422,0,0
0,1,0,0,1,1,0,31,34.69161624542308,1.0,5,0.6226837735623285,0.5241980495753478,0,0
1,1,0,0,1,1,0,34,51.218426542294274,1.0,5,2.7360019438521244,2.4314301658528183,0,0
1,1,1,0,1,1,0,26,92.67190306702032,1.0,2,0.7749876774809344,0.0,1,1
1,1,1,1,1,12,1,30,60.24556867198161,12.0,6,1.7772428455382498,1.7590833083597843,0,0
1,1,1,0,1,1,0,31,125.6193596954305,1.0,4,0.4077973094142546,0.4371446891366985,0,0
0,1,0,1,1,1,1,31,219.9582239556895,1.0,1,1.4862996622173292,0.7087392762213696,1,0
0,1,1,1,1,12,1,34,16.607012176344,12.0,8,2.009079501180669,1.92601437451522,0,0
0,1,1,0,1,12,0,27,24.45936878591516,12.0,2,2.6633206166163275,2.6168078795251533,0,0
1,1,0,0,1,1,1,34,99.29390382165892,1.0,3,2.870320259067685,2.9230646475121893,0,0
1,1,1,1,1,6,1,28,118.55952183035204,6.0,4,2.771893859067281,2.8557885018746973,0,0
0,1,1,0,0,12,0,31,183.3536158030836,10.0,1,1.3175935411282935,1.2409109271247032,0,0
1,1,0,0,1,1,0,27,74.5310134037262,1.0,4,1.5085430920365088,0.6332267351886773,1,1
1,1,0,1,1,1,1,32,5.927021444210683,1.0,1,2.5416126034048263,2.4314705568992774,0,0
0,1,1,1,1,12,1,32,389.3748946998128,12.0,4,0.8424262006108267,0.9071758443915262,0,0
1,0,0,0,1,1,0,34,277.1702746017535,1.0,8,2.153152053279188,2.0849301912337346,0,0
1,1,0,0,1,12,0,31,252.64357646352056,8.0,4,2.7106714522841977,2.6964327813728857,0,0
1,1,0,1,1,1,0,28,12.815002652885212,1.0,2,1.2227625552730954,0.6127626581461825,1,1
1,1,0,0,1,1,1,28,87.35241925398563,1.0,1,1.432621728361014,0.0,1,1
1,1,1,1,1,1,0,30,85.80615454575144,1.0,4,3.9845240135561832,3.9680414876507775,0,0
1,1,0,0,0,1,1,30,201.4511377530918,1.0,4,4.1832816081322886,4.160929970890051,0,0
1,1,1,1,1,6,1,27,216.0170714134423,6.0,4,0.1391528451405006,0.0545917608875756,0,0
1,1,1,1,1,12,1,35,125.86379771015476,12.0,4,0.0643430221319385,0.1278576368803539,0,0
0,1,1,1,1,12,1,26,269.15033642222386,12.0,5,1.3350409326211623,1.4716008416276678,0,0
0,1,0,0,1,6,0,31,5.145095773335584,6.0,6,1.937719589827107,2.0098993921041584,0,0
0,0,1,0,1,1,0,29,109.1531165109852,1.0,5,1.796117730183913,1.7981383816165386,0,0
1,1,1,1,1,12,0,31,193.2639415762181,11.0,7,3.1844887246972458,3.2482784436317003,0,0
1,1,0,0,0,1,0,31,298.4186539392812,1.0,3,2.5812990091178007,2.441502512992124,0,0
1,0,1,0,1,1,0,27,37.40169008933799,1.0,3,2.1080838915081506,1.0920136084223722,1,1
1,1,1,1,1,6,0,35,105.05721562274056,6.0,7,1.6680724599216847,1.6650727470438391,0,0
1,1,1,1,1,1,1,26,247.7465935470901,1.0,1,0.0,0.1355223557212196,0,1
0,1,1,0,1,12,1,32,103.53931006060895,12.0,3,1.223021105999585,1.1870408213096968,0,0
0,1,0,0,1,1,1,19,162.87335365115177,1.0,0,0.8270577777709461,0.2403694529034241,1,1
0,0,1,0,1,12,0,20,12.668363278842364,12.0,1,1.8226031153569429,2.0467844084807574,1,0
1,1,1,1,1,6,0,32,48.13781614262173,6.0,8,0.7997584252365539,0.7288683387225675,0,0
1,1,0,0,1,1,0,30,86.98780289504877,1.0,0,0.2207064506000782,0.0,1,1
0,1,1,1,1,12,1,27,148.0528286993884,9.0,4,2.4067189044853268,2.3441098786171017,0,0
1,0,0,0,1,1,0,31,80.9073366403753,1.0,0,2.6282557206515755,2.5930920259648347,0,0
0,1,0,0,1,1,0,25,118.0202886488705,1.0,1,0.7151048096457298,0.4235857771474357,1,1
0,1,1,0,1,1,1,30,143.50758350328223,1.0,10,2.58020388741059,2.709470776479584,0,0
0,1,1,1,1,12,0,32,315.1766363848413,10.0,10,2.0108637170020742,2.182067964786261,0,0
1,0,1,0,1,12,1,35,49.99670181172762,12.0,12,2.842066018771406,2.8540013444979366,0,0
1,1,0,0,1,1,1,33,97.62361718473122,1.0,1,1.3892462237050132,1.4372189557806687,0,0
0,1,0,0,1,6,1,31,18.078239174568257,6.0,1,4.033527467684214,3.953155016921954,0,0
1,1,1,0,1,1,0,30,282.3993094501442,1.0,2,1.128538079808369,1.1149180663093805,0,0
0,1,1,0,1,12,1,32,220.5323539504033,11.0,8,1.6151527981562743,1.7607716718920636,0,0
0,0,1,0,0,12,0,26,121.18150202969036,12.0,10,2.092475002370295,2.004799775026526,0,0
1,1,1,1,1,12,1,30,158.03877779749195,12.0,2,1.772539520423209,1.9057195938281344,0,0
1,1,1,0,1,12,1,31,72.86863640396692,11.0,2,2.0475702209661955,2.132327156818884,0,0
0,1,1,1,1,1,0,27,228.1960585130668,1.0,0,1.7609842200708972,1.3455325368246098,1,1
0,1,1,0,1,1,0,32,146.88954406375964,1.0,3,3.3296561488519383,3.3265660806398625,0,0
1,0,0,0,1,6,0,31,340.4859508088439,6.0,1,1.631474047424,1.6791399500126878,0,0
0,1,1,1,1,1,1,30,203.43383424053764,1.0,5,1.2135349570011509,1.3189865379535273,0,0
1,1,0,0,1,6,0,28,280.1645328953488,6.0,0,0.6376470136228051,0.4383906511179349,1,0
1,1,0,0,1,6,1,28,45.61541893896639,6.0,2,2.1915054364217745,2.1711176162150445,0,0
0,1,1,1,1,1,0,30,95.80402094487128,1.0,4,1.3392309541648149,1.4190772752141658,0,0
0,1,1,1,1,1,1,29,37.958713834695104,1.0,8,2.770844775546217,2.6362822561857504,0,0
1,1,1,0,1,12,0,34,177.86782208879947,12.0,2,2.931142659587903,2.8225989029252805,0,0
0,0,1,0,1,1,0,31,89.53706164603625,1.0,7,1.626797146046976,1.5726310612677157,0,0
1,1,1,1,1,12,0,26,100.8707269457018,11.0,1,1.7635210044381748,0.9722874406227502,1,0
1,1,0,0,0,1,1,31,271.6880871724237,1.0,1,0.7465827227083921,0.6429231841389637,0,0
1,0,1,0,1,6,0,25,248.11716900894316,6.0,4,3.057644065941053,3.0610645515028216,0,0
0,1,1,0,1,6,0,28,243.7431203041013,6.0,3,2.3874341022600967,2.4100415272706903,0,0
1,1,1,1,1,12,0,30,48.16003046882064,10.0,3,2.919273810478604,2.8237360313317508,0,0
1,1,0,1,1,6,0,27,89.59568360998544,6.0,9,3.8082568858202657,3.965069996243072,0,0
0,1,0,0,1,1,1,31,171.90843623691978,1.0,7,2.8449511629451765,2.7429891663199903,0,0
0,0,0,0,1,1,1,30,167.04449971423398,1.0,7,2.344395260080297,2.4936257662312507,0,0
1,1,0,0,1,6,1,27,155.80568601012595,6.0,5,2.066077828727647,2.2329186127776977,0,0
0,1,1,1,1,12,0,30,158.4071384442397,11.0,1,1.4692737957619273,1.5414041843988129,0,0
0,1,0,0,0,1,1,25,177.79633928480644,1.0,10,1.823102066658525,1.6722512996618015,0,0
1,1,1,0,1,12,0,26,209.68439322462447,9.0,3,1.86206284754405,1.890520848451926,0,0
1,1,0,0,1,1,0,23,87.04726534641478,1.0,0,2.0476690233459185,1.111466017240918,1,1
0,1,0,0,1,1,1,33,323.5337154770976,1.0,5,2.9198935160745734,2.906842289142616,0,0
0,1,0,0,1,1,1,30,11.843242868032291,1.0,11,3.001517689003662,3.045319378852468,0,0
1,0,1,0,1,1,0,27,8.000713840778246,1.0,0,0.104018576978931,0.0,1,1
1,1,0,0,1,1,0,30,13.37447848404922,1.0,1,2.5851683661284457,2.052163482652516,1,1
1,1,0,1,1,1,0,28,54.87087155545128,1.0,2,1.8680827187300248,1.7528385554059644,1,0
0,1,1,1,1,1,0,27,106.46947543075945,1.0,2,1.8532964554815468,1.271541177872776,1,1
0,1,0,0,1,12,0,29,219.14467340030103,12.0,4,0.0,0.1810118539277536,0,0
1,1,1,1,1,6,1,30,9.79178191412946,6.0,2,2.8443607047453576,2.96915673421588,0,0
1,1,1,1,1,12,1,32,159.59360001312928,10.0,17,2.1266957264016826,2.211990667633896,0,0
0,1,1,1,1,6,1,31,55.58756498408076,6.0,6,2.2967241366777937,2.171891585308922,0,0
0,1,1,1,1,12,1,30,108.45968208200908,9.0,1,2.478373353982685,2.4807497984845046,0,0
1,0,1,1,1,1,0,31,310.33136046965467,1.0,1,1.514975598328113,1.4387623421896292,0,0
1,1,1,1,1,1,0,35,114.34709182103018,1.0,7,3.5683459560726942,3.548644109948132,0,0
1,1,0,0,1,1,1,26,6.501307219115383,1.0,4,2.3799778977884647,2.309796466741364,0,0
0,1,1,1,1,12,0,29,395.79624496462935,12.0,6,1.4473083398554911,1.4748532819594276,0,0
0,1,0,0,0,6,0,30,196.21499654767703,6.0,4,1.969049063588736,2.0233799068234206,0,0
1,0,1,1,1,1,0,24,277.0356467212181,1.0,1,1.1569019805294658,0.1366580937397667,1,1
0,1,0,0,1,1,1,27,34.54852970227054,1.0,1,1.8486259260085365,2.334089270363126,1,1
0,1,1,1,0,1,1,28,152.93069969851436,1.0,1,1.1935781993320562,1.2734579309929914,0,1
1,1,0,0,1,1,0,31,132.06838275326817,1.0,8,2.8407955978874524,2.6832492580862004,0,0
0,0,0,0,1,6,0,26,105.7916373034906,3.0,6,1.8915934961559016,2.013243810312465,0,0
1,1,1,0,1,1,1,28,68.62921760832799,1.0,5,3.197159774404195,3.218273516393621,0,0
0,1,1,1,1,1,1,27,365.0275181922429,1.0,3,4.531968586141148,4.779962522578057,0,0
0,1,1,0,1,1,0,29,172.37381424309916,1.0,0,2.0509586370363326,2.2145832818892,0,1
1,0,1,0,1,1,0,27,38.079166621062974,1.0,1,1.6578641747322098,0.7712520849868091,1,1
0,1,1,0,1,12,0,32,329.7602838003287,12.0,5,1.1621898984967511,1.1884778824438875,0,0
0,1,0,0,1,6,1,30,184.7230306346789,6.0,8,2.532587238742805,2.6248640801791296,0,0
0,1,0,0,1,1,0,28,71.12360581122692,1.0,1,1.4617068709553205,0.0812102065805597,1,1
0,1,0,0,1,1,0,29,172.76532280713425,1.0,1,1.4323521890577144,0.8004160547605503,1,1
0,1,0,0,1,6,0,30,217.2522405284329,6.0,2,0.8844168480401784,0.8805690047689371,0,0
1,0,1,0,1,6,0,29,209.8051088998516,6.0,8,4.681556930443291,5.024720933352363,0,0
1,1,0,0,1,12,0,22,218.0931563503743,11.0,0,2.4001972709830888,2.2700682282454694,1,0
1,1,0,0,1,1,0,30,194.161546397056,1.0,2,3.0704967485222583,3.1293310541840613,0,0
1,1,0,0,1,1,1,27,352.19522756676366,1.0,2,2.3111371904068765,2.3407715954931616,0,0
0,1,0,0,0,1,0,32,186.5856443379992,1.0,0,0.9816010001433804,0.0,1,1
1,1,0,1,1,12,1,33,97.53755182623276,12.0,0,4.034458165917387,4.005640883870135,0,0
0,0,0,0,0,1,0,24,199.4616137320715,1.0,0,0.0,0.0,1,1
1,1,0,0,1,1,0,27,49.39287900705969,1.0,2,1.205260433295895,0.6945519955804805,1,1
0,1,0,0,1,1,0,28,110.25890823229976,1.0,5,1.8977491735938967,1.7780298959825749,0,0
1,1,1,0,1,12,1,29,93.12946449801888,12.0,5,0.9154972149660978,0.911362818573578,0,0
1,1,1,1,1,12,0,28,257.17638986147944,7.0,14,3.2831309094324945,3.210570790162089,0,0
1,0,1,0,1,1,1,29,248.60649147095185,1.0,4,1.2594770027024644,1.1065280010264191,0,0
0,1,0,0,1,1,0,30,192.6911041431129,1.0,2,0.6930152179383011,0.8165011713692303,0,0
1,1,0,0,1,6,1,28,176.9836787456749,6.0,5,2.651369065731952,2.7237589826652653,0,0
0,1,0,0,1,1,0,32,45.04497771918898,1.0,2,0.90254431141853,0.8899928816241164,0,0
0,1,1,1,1,1,0,31,40.98716320990478,1.0,9,1.7911139338773914,1.8410285739420973,0,0
1,1,1,0,1,1,0,30,127.87906257455444,1.0,1,3.9904465637408864,4.025627030971009,0,0
1,1,0,0,1,1,0,27,62.8018705614254,1.0,3,2.2436853981965545,0.8241910487843356,1,1
0,0,0,0,1,1,0,32,329.32487074299604,1.0,3,3.4368416206153185,3.332887314068666,0,0
1,1,1,1,1,1,1,26,262.87834495800905,1.0,1,2.265957751283078,2.8037866416792645,1,0
0,1,0,0,1,1,0,30,217.78664105008903,1.0,0,1.2135019626583017,1.0493871451868677,1,1
1,1,0,0,1,6,1,32,119.26316211418158,6.0,1,1.2811281544803288,1.5353464132516352,0,0
0,1,0,0,1,1,0,35,187.67315476530644,1.0,11,1.3767877461772469,1.277897510363195,0,0
0,1,1,0,1,6,1,29,325.7809389570398,6.0,2,0.1774816668625289,0.3064547776715729,0,0
1,1,1,0,1,12,1,31,68.75684461024284,8.0,4,0.6615838477958784,0.5473950577661568,0,0
1,1,0,0,0,1,0,27,57.485910225070846,1.0,1,1.6041311906429283,1.0334012853501946,1,1
1,1,0,1,1,6,1,30,140.5278325658633,6.0,6,2.341299549062497,2.242707159516061,0,0
0,1,0,0,1,1,0,32,326.5204608218621,1.0,5,0.5626409734850883,0.6323261046147313,0,0
1,1,1,0,1,1,0,23,19.266492939346648,1.0,1,2.046636828745169,2.134821242214366,1,1
1,1,0,1,1,1,1,27,118.34535811686888,1.0,2,3.411260015847032,3.3242377416434272,0,0
1,0,1,1,1,6,0,31,305.4336349791938,6.0,2,2.481952671229573,2.342917413889661,0,0
1,1,1,1,1,1,0,30,114.44443932615911,1.0,3,1.5788652089866424,1.7792208124491984,0,0
1,1,1,1,1,6,1,32,49.84918936484681,6.0,0,2.337640904529974,2.3276878069234583,0,0
1,0,1,0,1,1,0,26,56.46000330688236,1.0,0,1.2892993972697313,0.0,1,1
1,1,0,1,1,1,0,25,167.65130845742408,1.0,1,1.696165343557942,0.6966613775409138,1,1
1,0,0,0,1,1,0,28,144.23969634550622,1.0,1,1.1389631530193327,0.5248508529918438,1,1
1,1,1,0,1,12,0,34,109.73111012988728,12.0,7,1.5885355118624245,1.400532901079376,0,0
0,1,0,0,1,1,1,30,200.7199189978532,1.0,2,2.2460211125849847,2.227053558688,0,0
1,1,1,0,1,6,0,30,179.12385201927108,6.0,3,2.9386727290689536,2.878774224056152,0,0
0,1,1,1,0,1,1,30,261.7131880951677,1.0,4,3.863329318623784,3.8082617008204727,0,0
1,0,1,0,1,1,0,27,350.51011670950464,1.0,3,1.5072718138327303,1.6197790355505233,0,0
0,1,0,0,1,1,0,34,80.64236644584486,1.0,8,1.882993825608465,2.0018774962579218,0,0
1,1,1,1,1,12,0,32,107.25808055608056,12.0,1,2.2226200918726207,2.2604981337715047,0,0
1,0,1,0,1,1,0,24,61.48417154719664,1.0,3,0.0,0.0,0,1
1,1,1,1,1,1,0,27,234.83193616059845,1.0,3,2.2285156814325955,2.1923930097726747,0,0
0,0,0,0,1,1,0,30,80.32928832575759,1.0,6,2.5752456387404288,2.7978826328771484,0,0
1,1,1,1,1,12,0,31,58.06564374274417,11.0,4,1.3033603513992125,1.4389234768756551,0,0
1,1,1,1,0,6,0,29,36.66202082032622,6.0,3,2.44580696392114,2.4339054515016967,0,0
0,0,0,0,1,1,0,29,57.73000650327499,1.0,0,1.491187497274369,1.2468065037921203,1,1
1,1,0,0,1,1,1,27,133.4049762315199,1.0,1,2.7240688133329467,2.786146312528704,0,0
0,1,1,1,1,6,0,28,48.658007909516144,6.0,2,1.4266445575606876,1.4566839079354323,0,0
1,1,1,1,1,12,1,33,243.44922539220684,12.0,6,0.0870855030614501,0.012578705130274,0,0
0,1,0,1,1,1,0,31,169.54290001539223,1.0,2,3.6690806998067655,3.5309576045874365,0,0
0,1,0,0,1,1,0,31,370.3376275824093,1.0,1,2.4224247431504446,2.5140961224326297,0,0
1,1,1,1,0,1,1,28,169.40082006091228,1.0,0,1.5999045840342836,1.373671403282156,1,1
0,1,1,1,1,6,0,25,307.159369500642,5.0,5,2.9844669062940143,3.168989639254498,0,0
1,1,0,0,1,1,1,27,23.77663181020151,1.0,2,1.1297152676644142,0.3673196672401715,1,1
0,1,1,1,1,1,0,29,216.6928323270664,1.0,3,3.1472797534265124,3.1247433202666413,0,0
1,0,1,1,1,1,0,30,25.62840601013123,1.0,4,1.7633585962532767,1.7727544551163767,0,0
1,1,0,0,1,1,1,33,93.18940556192791,1.0,3,1.1919684647019586,1.212531849939291,0,0
1,1,0,0,0,6,1,30,9.998250593951894,6.0,11,2.368787286962843,2.310199865701219,0,0
0,1,0,0,1,1,1,24,14.70776355941858,1.0,2,0.9709439113945356,1.0160618249461206,1,1
0,1,1,0,1,1,0,21,228.461171796184,1.0,0,1.2589217759452391,0.3140977349641405,1,1
1,1,1,1,1,1,0,28,47.12814625534495,1.0,1,1.718573381648401,1.4632068077604037,1,1
1,1,1,1,1,6,0,25,150.8785117260243,6.0,3,1.5253391835073793,1.5464526417447044,0,0
1,1,0,0,0,6,0,33,48.88063316697397,6.0,1,4.078849976453924,4.0569538912886856,0,0
1,1,1,1,1,12,1,22,155.0997383491998,10.0,4,4.141085070078551,4.165957064975716,0,0
1,1,0,1,1,12,1,24,202.3905078749632,12.0,1,0.999179053486076,1.0470471419156595,0,0
0,1,0,0,1,1,1,27,279.79201536969447,1.0,1,0.9715502449483578,0.7126960671313297,1,1
0,1,0,0,1,12,1,32,87.85613947441288,12.0,1,0.0,0.0,0,0
1,0,1,0,1,6,0,29,369.0595748295572,6.0,3,1.6810793257533827,1.6882940022820083,0,0
0,1,0,0,1,6,1,22,153.16483565325044,6.0,3,2.0665844337370927,2.1167152930253192,0,0
0,1,1,1,1,12,1,27,162.21924506461966,12.0,5,0.9959345375641266,0.9639098486729828,0,0
1,1,1,1,1,6,1,31,85.67188747728186,6.0,1,1.0095095546029431,0.7305756021959472,1,0
0,1,0,0,1,1,0,29,11.70513852163944,1.0,0,0.6748434707154791,0.5677183361323095,1,1
0,1,1,1,1,6,1,30,31.055816795371346,6.0,9,2.7690799115010347,2.744666071486628,0,0
0,1,0,0,1,12,1,28,194.0276974319216,9.0,3,2.007951022876234,1.9438489674426065,0,0
0,1,1,1,1,12,1,30,195.74656218651683,12.0,3,1.0681142937957444,1.070125909051919,0,0
0,1,0,0,1,1,0,30,311.91508755962815,1.0,3,1.5766648388508335,1.6266433381767924,0,0
1,1,0,0,0,1,1,32,11.533209503348804,1.0,20,2.2721227929114045,2.487435953402974,0,0
0,0,1,0,1,1,0,30,26.989301288349463,1.0,2,2.8606957304628584,2.8331988793236897,0,0
1,1,1,1,1,12,1,33,42.635200625092565,12.0,2,5.079241818217404,4.976679932267676,0,0
0,1,1,1,1,12,0,28,320.4719933466525,8.0,2,1.282495458741917,0.5359760049303319,1,0
1,1,1,1,1,12,0,35,5.199042498593023,11.0,4,2.4038227428142647,2.31970107126341,0,0
0,1,1,0,1,12,1,31,49.6844057020624,12.0,7,2.741201823968641,2.758926154267792,0,0
0,1,0,0,1,1,0,33,142.2185242654759,1.0,4,0.5905032262057002,0.8207392167011291,0,0
1,1,0,0,1,12,0,36,156.80975640745154,12.0,3,0.5860735563476944,0.6221730505023947,0,0
1,1,1,1,1,12,0,29,205.985294394402,12.0,4,4.077632308126264,3.8968597400207288,0,0
0,1,1,1,1,12,0,31,327.58812027967014,7.0,3,0.6749528874249242,0.7409735444788941,0,0
0,1,0,1,1,1,0,32,129.4322773197114,1.0,1,3.088049962555825,3.2088332465015004,0,0
1,0,1,0,1,1,0,28,58.43024172095284,1.0,1,1.1511474472147392,0.5685077862135623,1,1
0,1,0,0,1,1,0,34,121.21693882663963,1.0,1,1.7235899189898445,1.6592956754227424,0,0
0,1,1,1,0,12,0,27,280.4896165596497,12.0,5,2.4460419480922764,2.603395576563814,0,0
1,1,1,0,1,12,0,32,139.8009395134986,12.0,6,1.8522013814647955,1.7094796848122489,0,0
0,1,0,0,1,1,0,34,203.1766727852991,1.0,1,1.1447063312002408,1.0047797472896842,1,0
1,1,0,0,1,1,1,28,169.0003691632586,1.0,1,2.2886970909807367,2.8117122585718954,1,0
0,1,0,0,1,1,0,33,278.20446137899864,1.0,6,2.277814725127687,2.4131352177889225,0,0
0,1,1,1,1,1,0,31,76.61709105317719,1.0,4,1.2224605970141025,1.3999399472588925,0,0
0,0,0,0,1,1,1,32,138.92092536156224,1.0,7,2.2722112992000487,2.098052958443245,0,0
0,1,1,1,1,1,0,25,129.06745334444608,1.0,0,0.7098554363207715,0.4734374137336774,1,1
0,1,0,0,1,1,0,28,468.20535976796094,1.0,2,0.7639119255394844,0.6605455208657438,0,0
1,1,0,0,1,6,0,30,118.78244080895892,6.0,0,1.9319680852698176,2.085986801576813,0,0
1,1,1,1,1,12,1,32,90.7441807784138,12.0,5,1.927348853410933,1.962429125546444,0,0
1,0,1,0,1,1,0,28,144.79489261614418,1.0,4,1.3390107135053195,1.5138331006033363,0,0
0,1,1,0,1,6,0,25,96.17340570398778,6.0,3,1.6741828363693971,1.1658042107565938,1,0
1,1,0,0,1,1,1,28,63.07917573304768,1.0,0,0.9031280572403207,0.0,1,1
0,1,1,1,1,12,1,32,123.57555168959428,12.0,1,2.378452760175456,2.0301085407577384,0,0
1,1,1,1,1,1,0,26,237.1777479544465,1.0,1,0.1207135123383675,0.0,1,1
1,1,1,1,0,1,0,30,167.8809021890936,1.0,1,2.7597341644442204,2.5270197142952218,1,0
1,1,0,0,1,1,0,27,185.243723591028,1.0,2,0.8445412515907837,0.8773672511127086,0,1
1,1,0,0,1,1,1,31,60.11956220815193,1.0,1,0.6131568700561877,0.0,1,1
1,0,0,0,0,6,0,27,231.38892985189565,6.0,4,2.043251663900741,2.284210938962564,0,0
1,1,0,0,1,1,0,25,93.096462399476,1.0,0,0.8192036911187058,0.6345661634397981,1,1
0,1,1,1,1,12,0,31,319.2921180656057,11.0,1,2.0741709812124767,2.0387089717048004,0,0
1,1,0,0,1,6,1,30,172.19943740262332,6.0,3,2.0573506141918423,2.026214820457785,0,0
0,1,0,0,1,12,0,37,133.45041101567122,12.0,3,2.1309398561494546,2.010454925722684,0,0
0,1,1,1,1,12,1,35,261.87547738149163,12.0,3,2.384476224037676,2.295619796246039,0,0
0,1,1,1,1,12,1,27,111.26584600918886,12.0,5,0.7928850952572946,0.8763967341105697,0,0
0,1,1,1,1,12,0,31,204.57045133869133,12.0,9,1.1188893169752414,1.204221681290313,0,0
0,0,0,0,1,1,0,29,59.20225945287297,1.0,1,2.0315369288933485,1.082313457928722,1,1
1,1,1,1,0,1,0,31,91.41000560129072,1.0,3,3.3789610929671983,3.300611856554689,0,0
1,1,0,0,1,6,0,32,178.35223790160316,6.0,7,0.1264359750336461,0.2251293435719645,0,0
0,1,0,0,0,1,0,29,241.7016740555345,1.0,4,1.690379651877285,1.5950648887526482,0,0
0,1,0,0,1,12,0,32,175.31659286981582,11.0,3,3.1666952862610955,3.0711299808864645,0,0
1,1,1,0,1,1,0,28,3.124420547844493,1.0,2,2.3418299439122245,1.8364509859656897,1,1
0,0,0,0,1,1,0,30,35.68910373061878,1.0,2,2.248898689755588,2.3113550078902434,0,0
1,0,1,1,0,1,1,26,179.27501917707423,1.0,1,2.662378907003581,1.5975996924456313,1,1
1,1,0,0,1,1,0,32,194.5799728501643,1.0,3,1.8186263406694945,1.8233382609430635,0,0
0,1,1,1,0,6,1,29,272.62242724902745,6.0,8,3.1531046335658504,3.1306840620450007,0,0
1,1,1,1,1,6,1,32,90.24237917915757,6.0,21,1.3368085783229553,1.384729802793963,0,0
0,1,0,0,1,1,0,32,178.32457623433967,1.0,0,2.066727470593747,0.7087582205051071,1,1
0,1,1,1,1,1,1,25,4.597707235604858,1.0,2,1.545907750965588,0.7955673417742353,1,1
1,0,0,0,1,1,0,31,104.68044618332502,1.0,1,1.952119241329041,2.080270202754129,1,0
1,0,0,0,1,1,0,30,1.1049240231521438,1.0,3,1.995830136876389,1.8991316390666049,0,0
0,1,1,1,1,1,1,29,180.5372192757769,1.0,12,1.1485568078539004,1.2246061201122251,0,0
0,1,1,1,1,12,1,27,58.57864684872256,11.0,10,3.150396403060244,2.991142984271548,0,0
0,1,1,0,1,6,0,26,238.04876527562283,6.0,2,3.7964941622426736,3.8151899064645742,0,0
1,1,0,1,1,1,1,31,101.323360154516,1.0,10,3.206091602379784,3.1927003095820536,0,0
0,1,1,1,1,12,0,29,102.58120723641424,12.0,1,2.5586379575770706,2.6756829735503502,0,0
0,1,0,0,1,1,0,28,246.49808353969,1.0,1,0.1242749795613678,0.0,1,1
1,1,0,0,0,6,1,37,172.2209599892664,6.0,3,2.0835602624735827,2.3006035122722377,0,0
0,1,0,1,0,1,1,29,215.42328686736528,1.0,6,1.4706850386024573,1.3892922057372306,0,0
1,1,1,0,1,6,0,26,206.82408327930852,6.0,0,1.3152973210208607,0.5634160270746279,1,1
0,1,0,0,1,1,0,29,110.69864985346842,1.0,11,2.8015373951351124,2.6541362171195737,0,0
1,1,0,0,1,1,0,29,90.75213271520416,1.0,7,2.7056327585686626,2.605286972628569,0,0
1,1,0,0,1,12,0,34,244.0637353105674,8.0,3,2.5582206309965843,2.4648632787454985,0,0
1,1,0,0,1,1,0,28,69.5698502038769,1.0,2,1.2465550209155745,1.242550693563095,0,1
1,1,1,0,1,1,0,30,306.1205141912804,1.0,5,1.50449298406777,1.437734624088432,0,0
0,1,0,0,1,6,0,34,363.31889717407296,6.0,0,2.4399064863973434,2.4819149274651746,0,0
0,1,0,0,1,6,1,33,93.52435609491522,6.0,4,1.5058453203622957,1.5489735296352145,0,0
0,1,1,1,1,1,0,31,40.77010576445803,1.0,0,0.0,0.0,1,1
0,0,0,0,1,6,0,28,246.0712380733781,5.0,0,1.8478899177608623,0.6441342404976969,1,1
1,0,0,0,1,1,0,31,16.854517950254085,1.0,4,4.218271496229874,4.327700869403931,0,0
0,1,0,0,1,1,0,25,178.59872698371242,1.0,0,1.8379875375457468,1.883401888684808,1,1
0,1,1,1,1,6,0,25,110.2317124845241,6.0,0,0.7862011179185837,0.8085605715072275,1,1
1,1,0,0,1,6,1,33,184.8390730236288,6.0,5,1.7744364222196891,1.7817095310096185,0,0
1,1,0,1,1,1,1,25,152.95423818790002,1.0,12,2.915044970361457,2.8685849547070923,0,0
1,1,1,0,1,1,0,25,98.55928692259192,1.0,1,1.1281795140679942,1.205676083749415,1,1
0,1,0,0,1,12,0,32,52.21675282986959,12.0,5,1.3004923469678853,1.3361813408807257,0,0
1,0,1,0,1,6,0,26,66.80376627406797,6.0,3,1.9696053274104013,1.9944149348529403,0,0
0,1,0,0,1,1,0,30,52.87123413334648,1.0,0,0.0,0.0032735656800802,0,1
1,1,0,0,0,12,1,27,91.841060010592,12.0,1,2.162513055701025,2.1770300314335964,0,0
1,1,1,0,1,1,0,31,192.0207867783857,1.0,6,1.2854267713450829,1.3388441144466376,0,0
1,0,1,0,1,1,0,29,116.0936179645566,1.0,1,3.1739010857211825,2.2966443055750174,1,1
0,1,0,0,1,1,0,27,223.39998201715144,1.0,16,0.0300240608683926,0.0,0,0
0,1,1,0,0,6,1,29,143.5164531808168,6.0,1,2.5564246605071466,1.6815666169551229,1,0
0,1,0,0,1,1,1,26,56.89166345463342,1.0,2,2.16326369972281,1.6545107250334083,1,1
0,1,1,0,0,12,1,24,34.17904856266324,7.0,2,3.0281652266324617,3.0906783003707523,0,0
1,1,0,0,1,1,0,30,271.4860963537774,1.0,0,0.4565513256329548,0.0,1,1
1,1,0,1,1,12,0,30,262.7596082487759,12.0,1,3.5553068536629486,3.6528841412075015,0,0
1,1,0,0,1,6,1,28,49.93936853811013,6.0,5,1.4104459383318666,1.3020230168345306,0,0
0,1,0,0,1,1,0,30,89.54119747824184,1.0,1,1.8559659385824911,0.3024842794329681,1,1
1,1,0,0,1,1,1,30,150.22203685612638,1.0,2,1.1886369604758575,1.2196893237399349,0,0
1,1,0,0,1,1,1,30,185.70169946432804,1.0,1,2.150959383882256,2.1730606545025286,0,0
1,1,0,0,1,1,0,22,107.71924985039053,1.0,0,2.44397009246488,1.041818862562328,1,1
0,1,1,0,1,1,0,25,88.42962525544813,1.0,4,2.088593642315879,2.056126982941324,0,1
0,1,1,1,1,1,0,32,320.22660390645126,1.0,0,3.0292827945582634,3.1767274310860563,0,0
1,0,0,0,1,1,0,26,198.0721882565985,1.0,1,0.3531858429664167,0.0,1,1
1,1,0,0,1,1,1,31,159.9978718698846,1.0,2,1.0457249523692238,1.167138282480571,0,0
0,1,0,1,1,1,0,35,100.99581135907572,1.0,0,2.1642537915412974,2.2682187291879488,0,0
0,1,0,0,1,1,1,28,51.1533679745751,1.0,1,4.189220342583576,4.1649428741091565,0,0
0,0,1,1,1,6,1,25,207.0797105977189,5.0,4,2.250576643849098,2.085150385145292,0,0
0,0,0,0,1,1,0,36,58.63401423119765,1.0,2,1.974636615637201,2.043980764994937,0,0
1,1,0,1,1,1,0,27,264.5228471026611,1.0,0,1.0298193660974189,1.1096359561813265,0,1
0,1,0,0,1,12,1,23,183.97524473445085,12.0,7,0.6940414958852863,0.8702807068800078,0,0
1,1,0,0,1,6,1,30,121.52969134707294,6.0,4,3.1889360036605843,3.204417700761357,0,0
0,1,0,0,1,1,1,31,82.59996590249273,1.0,3,1.2293997444518407,1.0968882694001256,0,0
1,1,0,0,1,1,0,32,20.323578042329626,1.0,0,2.243069509206527,2.1723606812731227,0,1
1,1,1,0,1,1,1,29,118.02224856016944,1.0,1,1.5424814014826584,0.9308306418306844,1,1
0,1,0,0,0,1,0,29,54.507029938959725,1.0,3,1.832083153271096,1.2365771732635835,1,0
0,0,0,0,1,1,0,25,60.87054420392108,1.0,0,0.9143184072592244,0.0933305433023907,1,1
0,1,0,0,1,1,0,29,9.569326533618124,1.0,0,2.3118486331838897,2.2947499851563986,1,1
1,1,1,1,1,1,0,28,152.25655389025889,1.0,7,0.5473369917628537,0.6688969022791985,0,0
0,1,1,1,1,12,0,32,143.5799918067049,12.0,3,1.1129272647607922,1.2020115841720913,0,0
0,1,1,0,1,12,0,30,188.66946574512315,12.0,2,2.414795979509857,2.36844631660273,0,0
1,1,1,1,1,12,0,30,293.59003001557545,12.0,1,1.1656649732704905,1.3160543826641709,0,0
1,1,0,0,1,1,0,26,42.631634858158186,1.0,1,1.7571677625838733,1.4396342734983572,1,1
1,1,0,0,1,1,1,24,98.72957048763855,1.0,1,2.4797322478146144,2.9768044044857342,1,0
0,1,0,0,1,1,0,30,20.711405156931438,1.0,0,0.6838390284251635,0.0,1,1
1,1,1,1,1,6,1,32,129.99140728108637,2.0,6,3.105692493969686,3.155661870422379,0,0
1,1,0,0,1,12,0,31,93.45677599140572,6.0,8,2.683689881313718,2.552564157297582,0,0
1,1,1,0,1,12,1,34,24.9235608159502,5.0,3,3.791391402232589,3.8461698126981614,0,0
1,1,1,1,1,12,1,28,99.83755018916386,12.0,5,3.519139127428866,3.477328148733241,0,0
0,0,0,0,1,1,0,26,7.159988650331982,1.0,4,0.6831551928943704,0.6474292151927711,0,0
1,1,0,0,1,6,1,31,195.0763030622758,6.0,11,2.5207742413112744,2.6454309066367574,0,0
1,1,1,1,1,1,0,34,166.862754236209,1.0,10,0.0,0.0,0,0
1,1,1,1,1,12,0,30,124.22886572895828,11.0,11,2.8211008895730605,2.809569525621033,0,0
0,1,0,0,1,1,0,26,240.9808673396965,1.0,3,1.3179523934352946,1.3607883927495583,0,0
1,1,1,1,1,12,0,32,118.22178309048375,11.0,3,4.062009484418188,3.925523592081829,0,0
0,1,0,1,0,1,0,30,43.59149700347096,1.0,1,3.634475263452349,3.6418533268112654,0,0
0,1,0,0,1,12,0,22,39.36639938559591,12.0,11,2.6082209299375907,2.8209536690072268,0,0
0,1,1,1,1,1,0,32,248.84289215549708,1.0,3,3.1577909845105423,3.163908941582774,0,0
1,1,1,1,0,12,1,28,100.40590664803464,10.0,3,1.1508199184372914,1.154683076817441,0,0
1,1,0,0,1,1,0,27,24.553944989375186,1.0,4,1.3905347332049178,0.9794450922095258,1,0
0,1,0,0,1,1,0,28,120.4576306223407,1.0,8,1.062857580495265,1.1385938351069742,0,0
0,1,1,1,1,12,1,31,166.22082868938205,4.0,2,2.6548682332427216,2.623629632751136,0,0
1,1,0,0,1,6,0,33,329.80337897166413,6.0,1,0.3348898331592158,0.3236021314101453,0,0
0,1,1,1,1,6,0,30,302.1540280224865,4.0,1,2.5391062368903574,2.5657254097335698,0,0
1,0,1,1,1,6,0,31,4.596832680778192,5.0,8,1.733762896722641,1.7022359417560968,0,0
0,1,1,0,1,1,1,28,47.45405074759345,1.0,2,0.7526287475394029,0.6604808089616234,1,1
1,1,0,1,1,6,1,32,126.9223463469219,6.0,4,2.205504714067562,2.0398918755636304,0,0
0,0,1,0,1,6,0,30,24.620589027716235,5.0,2,0.0,0.0,0,0
1,1,0,0,0,1,1,32,89.98505806299778,1.0,1,2.0641655204519225,2.10123895810467,0,0
1,1,0,0,1,1,0,26,404.786207360004,1.0,7,3.1250385316340923,3.158201540168548,0,0
0,1,1,1,1,6,1,27,292.2286091189424,4.0,0,1.0475612692919922,1.0876698446313209,0,0
0,1,0,0,1,1,1,35,298.19883729584814,1.0,9,1.6760780502037798,1.739380571784153,0,0
1,0,0,0,1,1,0,26,55.95896229874315,1.0,5,1.6274488384787162,1.7524003690326826,0,0
0,1,1,1,1,12,1,29,205.4051842311145,9.0,4,1.5416112910861484,1.6136824835457089,0,0
1,1,0,0,1,1,0,21,258.05757766327525,1.0,0,1.3670803623864016,1.200516395870169,1,1
0,1,1,1,1,12,0,33,237.37653218894408,12.0,3,1.3535745489466648,1.4217934978408018,0,0
1,1,1,1,1,12,0,32,125.35511261339455,8.0,7,1.974364580589106,2.008086902570278,0,0
1,1,1,1,1,6,0,31,104.26664820081716,4.0,15,1.7125960178211432,1.7306504877437778,0,0
1,1,1,0,1,1,1,32,207.1662091098285,1.0,3,2.9548077365200607,2.9696108724575923,0,0
0,1,1,1,1,12,0,32,168.0204105953429,10.0,1,2.825921990274192,2.881917284468285,0,0
1,1,0,0,1,6,0,26,157.48916119076657,6.0,2,1.6858694280319733,1.6977371880137415,0,0
1,1,1,1,1,12,0,28,5.219340515827781,10.0,12,3.0750858195502384,3.1298279871210406,0,0
